X1,X2,X3,X4,X5,y
2.5012842279390624,-0.15915549252143124,0.6724382386904926,3.4699913578730195,0.9492677573691203,0
2.2032474742525,-0.33127123853029283,0.7943190038016185,3.259962643559147,0.8324512540285621,0
-1.5245727351585896,-0.8707365382642883,1.0043036504867737,-1.0286235600716591,-0.7173825432643869,1
1.8014981738146714,3.1063356271264513,1.4906328867698346,-0.29740360496650053,-0.6074840187375546,0
-0.1251458584416449,0.987915229997639,0.8802929227469031,-0.9372986305060441,-0.626822233891774,0
-1.7774773254677287,-1.3225755681947295,0.967804832237568,-0.9477135939249872,-0.6803095767288482,1
-1.6295245442604291,-0.45439133626131567,-0.1972553445819667,-1.716526827866606,-0.5221112674328142,0
-0.6024646008327332,-0.3502433297494363,0.6643193321362395,-0.36250846636660494,-0.363678992830984,1
0.3655330281084858,-1.0377122830469634,0.6862766142513947,1.5176657296884177,0.267693471884001,0
-1.4223081507661548,-0.9591020536878477,0.6106183402317731,-0.8724100224937311,-0.5243643424678825,1
-1.2897640950183384,-0.9420490474730961,-0.004023311936953933,-0.8050544620983633,-0.2822946897997915,1
0.2548636807086963,1.598146153935613,0.9462489355087342,-0.9945579483068693,-0.6649864180958183,0
-1.9269701353726534,-0.9789774280847174,2.03626992764162,-1.3011575445858776,-1.179136163595523,1
3.5045171981974694,2.552003486506522,1.251118305987236,2.372359379558549,0.38883711078324024,1
0.4959813723329792,-0.4588758270742398,0.915112791995836,1.1903357849130392,0.0786678550583718,0
1.4208539061233512,0.8158277137391552,0.907697006269822,1.219077740571942,0.10151380332814774,1
1.9390477321599628,-0.28765042043519906,0.22045530997963825,2.7968564555521125,0.8783061157047263,0
1.1564997707297588,1.0666285581081645,1.8361353318755844,0.7820382645988511,-0.3768795735774053,1
-1.7552434263925523,-1.5568044211827907,0.5666016025952301,-0.7626880729737217,-0.47591844813281287,1
-1.5387495714955834,-0.04321083300097783,2.27364424882576,-1.6204681601988602,-1.3655536908332149,1
0.5616193246364836,-1.440143177194372,-0.1311451494525513,2.0209619995348342,0.7280517605614023,0
1.966265425623434,1.0812313021482625,0.14315470386341234,1.5710423135447722,0.4965708631157254,1
-1.7024654106135415,-2.0270920095039022,-0.15690002480183973,-0.36892576070461136,-0.08711244025385352,1
-1.4170468320700895,-0.9894043373013328,0.46507083426501605,-0.8588237458259393,-0.46813145121054817,0
-0.614615080317598,-1.7242266963112662,0.8697066219459362,0.905777775336192,-0.013023240786378574,0
-1.809454603948009,0.32773200220367016,1.508405986801849,-2.4182749430637975,-1.3636851084956987,0
-2.279055384407689,-0.2845712029022882,1.1651597863068686,-2.5145168633993085,-1.2794536840029227,0
0.8988985912087214,0.3841534301142717,1.1737479541220597,0.97771583410293,-0.079484541930748,0
0.07032345566089487,-0.6070803397083337,0.727424466303453,0.7493699943172747,-0.006933298476755445,1
0.5099728289086303,0.7303396996521008,1.2961608675385305,0.17722326679509226,-0.3947712928333587,1
0.517364903915732,-0.14809476302213476,-0.184993083917941,0.7764191923083305,0.33092012410630983,1
-1.4831001620282245,-1.0282762986332439,0.5708296349522191,-0.893416554337704,-0.5179636658010613,1
2.383506752096725,1.346075418781436,1.4757165957297973,2.058823640273939,0.19156052247322033,1
-0.5655287354043669,-0.7406655757461726,1.0908944034638015,0.10280856017123774,-0.3591516825222822,0
-0.6086348497447237,-1.1279361916327624,1.7255099020772668,0.4917761878641015,-0.45485071979782477,0
-2.050742944147482,-1.3993246620290443,1.6528289687058908,-1.1320909666871106,-0.9880528927634722,1
-1.8764124039277557,-2.7720602956217544,2.1916516056067463,0.4235500245022028,-0.6575579956608142,0
0.7432494366550104,-1.1468722629892123,1.3377085160951554,2.1982444371829852,0.2682678833631928,0
-0.03366187947870067,-0.41529208090457137,1.4481724252818369,0.543406596897714,-0.3326177953364213,0
-1.710102143241991,-1.5760269725228633,0.4941962630650847,-0.6972589854422211,-0.42785809556043214,1
1.7116123875453904,0.632681807729512,0.20926228904943966,1.6614060260740693,0.5003812397546304,1
-0.2038661705809659,-0.6445029329570189,1.7287180001081877,0.5732463692035759,-0.4241292641639056,0
-1.8351605356164393,-1.2590926896429977,1.2321846445080735,-1.0422122838524748,-0.8063287632476617,1
-1.722286687163888,-0.5746368314116901,2.1262767055509046,-1.3932618912468153,-1.239484283050533,1
-1.581142887601673,-1.0770373246503857,0.7721639183946396,-0.9465611782036351,-0.6082662211227069,1
-1.0671605920083893,0.13021906208359724,1.181007327351625,-1.326854116253934,-0.8744410231847632,1
0.2191333660218972,0.6622973171085549,0.061714766578025215,-0.31303922355760205,-0.12394649422853868,1
3.5916502646870256,1.8649757298014629,1.0179500266004662,3.0786704327243353,0.7084913693368224,1
-1.199890106904755,-2.0992602200707924,-0.15557973936562774,0.3457982516006025,0.15693313774132878,0
-1.3624892125237147,-1.0489845395281903,0.4448726954205885,-0.7369064859770709,-0.41961466570445316,1
1.6947478809943477,1.4905312546902478,0.9038481197665815,0.9559851033469118,0.018139142528411284,1
-1.0369643955913204,-0.4154894418563234,0.3789347605386889,-0.9046407982378264,-0.44851673053678837,1
-0.12955942104159304,-0.9320297327377132,1.0327940324993425,0.831879380036906,-0.0899981378754595,0
0.2756181858892352,0.9057640557506579,0.7556142662747782,-0.36292927523601093,-0.3861299689897046,0
0.8474343696038525,0.518553858130842,0.7640338378576976,0.7298265613344324,-0.017530636518347624,1
2.951714232493609,0.3513872752705782,0.8272435966919164,3.6073805359331015,0.9454120528424067,0
2.7205858847372095,1.6364969021924387,1.0942823966491233,2.1740025628534276,0.369220170341886,1
-1.2447587169574836,-0.9439221787272373,0.09740944491833559,-0.7307131002716709,-0.29292931299862157,1
-1.8070983351834236,-1.238970997587062,1.1753179010545272,-1.0325210714111588,-0.7825955240452523,1
1.1236431091259573,0.7411488086185388,1.123597014490444,0.9346327979257265,-0.07350528444836806,1
-0.6813729958550535,0.3200259527787279,-0.36773965773689166,-1.2243380513657331,-0.2863386303559528,0
-1.2541591275205113,-1.6572807740492634,1.614558893967436,0.12604717702369217,-0.5450662518364127,0
-1.2983054498611803,0.020169724984733017,1.7262546557220086,-1.446508298656993,-1.1104938759682905,1
-0.34636867861397197,-2.379002429454143,-0.4120372292756489,1.6660255866883351,0.698717221964957,0
-1.4018634290523335,-0.6359779898262834,0.9199531681917023,-1.0966927870651948,-0.7087880963446977,1
-0.4593583185019343,-1.3308543624588363,-0.33080112804424044,0.5748350393120584,0.30410034872844244,0
-1.9836016655865396,-0.8524836004136314,2.3934597200636154,-1.4385219900831216,-1.352387236781716,1
0.6174375343531346,0.40296387329581007,1.1023070218920783,0.5870326376006653,-0.18787415652844888,0
0.952876204487458,0.7700439437959634,1.2032901003426322,0.6992803479753111,-0.18235390505356344,1
-0.962474651796806,0.8063645008321293,0.8095054228106577,-1.8623709926491245,-0.9203302187923186,0
-1.5926032863060935,-1.0126457089258374,1.0018610790636333,-0.9872063194319721,-0.7034617613867271,1
-2.3383283535900716,-2.6145273787211627,0.9804195636978679,-0.490142422549552,-0.5383743392808771,1
1.4787322114891677,-0.934340342218114,-0.8913836403652955,2.6337782076562504,1.2129826027456776,0
-0.9168747914151072,0.9375348932669434,1.5540070149924587,-1.8165210022877103,-1.1686091367231344,0
-1.6046368970568665,-0.906191587589436,1.178594112982269,-1.0745915445044503,-0.7954874730778777,1
1.9446715824457756,0.6432045440327496,0.5677189726018126,2.003995765130168,0.4903290931520285,1
-1.532329099510168,-0.7301459455768451,1.3405251377843213,-1.1187859097258588,-0.8668666555789897,1
-1.017437805736413,0.5917797273158805,1.2882778528097538,-1.6687253243279003,-1.0261240386695631,0
2.0346829307409227,2.4970447070987776,1.0436154274047689,0.4957631351264762,-0.1812756408404189,0
-1.1753900981315848,0.6072835186101382,0.8834051006859989,-1.9447990620229199,-0.97652447437183,0
-0.6778980109178357,-0.4089456878009925,1.039359388985158,-0.35248618543111654,-0.49424534636738476,1
1.7563495910220746,-0.6443128910760956,1.3846743822037482,3.0536606045430976,0.5489760666420345,0
0.46088497746754964,-2.0205753005532685,1.6381383491622343,2.6746312473214884,0.31757957413620275,0
-1.8387811602976427,-1.3401831478219683,1.3108999195055138,-0.9615577060293625,-0.8073533613521061,1
-1.513173716104319,-1.4388954398978009,0.28713875903181596,-0.5979963640207375,-0.3189850886149994,1
1.310960163290312,0.9084554542331682,1.7791898208167765,1.1176442099140629,-0.24279932787310915,1
-1.5841938524703385,-0.2934427217461977,1.9100010371597178,-1.502792782769644,-1.1977616062282743,1
1.4758650888614926,1.8880939713603775,2.179686700789847,0.4934492054255195,-0.591492254774633,0
1.9124026770421765,1.2250440310505644,1.073409428004491,1.5036164428984367,0.14341441182073533,1
1.2716416226691816,2.443278508360212,1.6428603561095225,-0.3540214654631221,-0.68648139086225,0
-1.4579694400476901,-1.7942298366328213,-0.4132200089749307,-0.30274192039024417,0.028733105436857198,1
2.1205013259203893,0.6747239560024014,0.9107809755779425,2.2513445198319455,0.4532672744057366,1
-1.0432957670429719,-1.5941767747828368,1.3318754615703998,0.3000407101768452,-0.384241319276652,0
-0.4099675704282755,0.7827189817055241,2.2925484119611585,-0.9150263169503716,-1.123660166539049,0
0.11380674885532978,-1.2902796061140729,0.9046535708298986,1.4547009117403007,0.16630082556113762,0
-1.88011874163073,-1.2233466333931384,1.6403066924635974,-1.0743497441499446,-0.9623645043580469,1
1.389348020446643,1.2381103654633605,1.1676484552237185,0.8301273166623582,-0.12099254313743281,1
-1.4894848984176166,-1.9298392634091712,-0.6198817010740165,-0.24923422102837223,0.11956002549802235,1
0.8978221069426241,1.1098564551232628,0.43293297004872755,0.20748979514535737,-0.07397289246334256,0
-1.4463471501517444,-0.7770930647791663,0.9573123991044423,-1.019902601764788,-0.6969011243611065,1
-1.1125105478022481,-0.6281182622939419,0.9571478111002738,-0.7250862715299204,-0.5945311336784403,0
1.722337745743564,0.8305378058357148,0.5879338147593336,1.5488980517309787,0.32858540986993506,1
3.1234794329984465,2.273386917039353,1.1951612466756272,2.126945050410945,0.3223372611232492,1
1.129682331664736,1.0848358536683176,1.1836791171033714,0.6372396578972156,-0.19409171248884965,1
-0.8340053452113733,-0.2681117789125662,-0.5734168220457891,-0.9138260150125447,-0.11140130230509523,0
-1.681372640474538,-0.9294281852126391,1.352363732755008,-1.1274944991206632,-0.8756859871336209,1
0.7258962081302192,0.5354065656963931,0.8915628976402278,0.5758655382040727,-0.11559651762617522,1
-0.5541032774898907,0.4088053144674425,0.14094705418772246,-1.0681930207386396,-0.4131801139030023,0
-1.5091818651465572,-0.5991111278210397,1.258753903633818,-1.2202786713292961,-0.8714946179187463,1
-1.2361050979232908,-0.9258936526000953,0.11441755891341943,-0.7335663948503253,-0.2998168804998537,1
0.030158010973213932,-1.6048412691248934,0.12053708678371033,1.5215082494765069,0.4658288071486916,0
1.1944138070410482,0.5099095172323824,0.8832869575532785,1.202644262020285,0.10208531935347484,1
0.4713609092366163,1.000892386744283,0.8749535526855794,-0.18004030808493365,-0.36512794709751367,0
-0.9461771401836641,0.13021140075440107,0.8084625520646752,-1.2241248968721292,-0.7065736606507543,1
-2.017348715404065,-2.2329156879593532,2.1112635759103,-0.26214101580566784,-0.859705181741337,0
0.1163952259018662,0.5355500650304394,1.6444578935271226,-0.10294313685704792,-0.6164360322971217,1
-1.8585689412816582,-0.3351066384798873,-0.1312377699463283,-2.111585536512762,-0.6801254401015422,0
2.310910897493918,1.3948881163473688,0.9186197456984577,1.8406721612055574,0.3154907340780428,1
-0.3029928979735743,0.8589430210789282,0.8559407243613332,-1.0525683980787632,-0.6587288161363253,0
-1.0807065617380323,1.109586679170462,1.2738685223797441,-2.2252321057224878,-1.207633684423312,0
-1.4634512854536412,-0.7399820123885458,0.9932356159373377,-1.0707106200281677,-0.7268133661675463,1
-0.223964927164534,0.15744754009496498,0.1724969290376106,-0.4080782926185439,-0.2000793487440193,0
-1.4134759227235925,-0.9307757089030139,0.5323577284047845,-0.8980968543346686,-0.5050798183353489,1
-1.7869526737722674,-1.5537494667312037,0.7653986897428011,-0.7778947685468037,-0.5518868693407813,1
1.585423808566443,-0.48608860402079845,0.7436701583797507,2.596670392109627,0.6217629997162212,0
-0.22498400492829296,0.9602978702971645,0.8172998756018341,-1.0499705242631898,-0.6432576104005638,0
-0.3146533711776812,0.8998924188883326,0.7068080397738046,-1.1263924426382887,-0.6306167749019007,0
3.1682338447079874,1.2220085770864944,1.1618566259290308,3.1398916173390914,0.6730303629499789,1
-1.458693346042134,-0.9486858503266768,0.6556561265243646,-0.9224220933095257,-0.5574654500459955,1
1.2207570214642984,1.1799016559339335,1.0227196170187107,0.6449023038748998,-0.13338519340854146,1
-1.9375737019650148,-1.1134165876976023,1.8679436405718657,-1.2162313915196212,-1.0911740337690108,1
0.10336103073034741,1.4021767324676038,1.254865482877924,-0.9669068519596762,-0.7669727690272404,0
0.6412634798682165,0.3688924432943441,0.8544722498151278,0.6133523980956632,-0.09088748671899614,0
0.40849097471621515,-0.02337825628754664,0.9651087702300026,0.6869560517479532,-0.10822152617133256,1
1.7293813680583112,3.317353575746916,2.0873048302210053,-0.4975866438702974,-0.8868549416302677,0
2.777544476049918,0.9081562456019965,1.174493388811433,2.924029019859881,0.5919569875595382,0
1.047426238443724,0.8722857860134265,-0.08004130163425782,0.5439270152930207,0.22210918862092727,1
-1.239179171679479,-0.7166886171916642,0.49395601572954373,-0.8741223235422123,-0.48144775980710386,1
-1.1677747882319025,0.7543663238246001,1.8345724515657071,-1.9328660208527133,-1.3098852741797964,0
-0.7326789099889736,0.5876667202996738,1.9231250140149048,-1.2064122726118147,-1.0936422728140949,0
-1.798518400053563,-0.6015733971467495,2.2058786861081727,-1.4556398082584747,-1.2894352954145494,1
-0.23378466234352624,0.2061356110787771,0.2945275003373363,-0.4477073168478014,-0.2567210438618246,1
1.386857602629907,1.1701228589469541,0.7505458470408373,0.8291761308423566,0.026631663654106467,1
-1.0724171517014123,-0.39560300073243115,1.48387836611996,-0.8101046318554346,-0.8093324390477418,0
-1.735565539545651,-2.0073005462947258,-0.07192804309575807,-0.41753148299585896,-0.13387304950059808,1
-1.5131214512834956,-1.3728741453601163,0.23517231991554677,-0.6656616848423036,-0.32315188014621005,1
-1.551789810400169,-1.2452157268703736,0.22071611919085743,-0.8341999764596655,-0.3747656844607364,1
-1.6958114151238668,-0.9330321141462328,1.3624013698307296,-1.1413997192068583,-0.884057520792791,1
-0.493942922842241,-0.24668810781527228,0.06615270403249762,-0.4027753394454183,-0.16367984677503392,1
-0.36629969077595326,-1.741531457473248,1.8017333142381347,1.3757161291428972,-0.18383940107094876,0
-1.7322304999075266,-3.9074525959573783,1.0196321811940223,1.4782372859482145,0.11218750430156507,0
0.4715556229942611,-2.7736985122466242,-2.198866438166541,2.8258117296545855,1.7294107843953126,0
-1.2866554874663707,-0.322261719486709,0.10894923255987998,-1.3507387399787527,-0.5046171676566135,0
0.4823907950071477,0.12950124046640554,1.7646417890364532,0.75740104284136,-0.36748279911923576,0
-1.34493146421588,-1.0230800348013513,0.2507714203816124,-0.7657322628915845,-0.3601831250167333,1
-1.5814559376992536,-0.946052571630224,1.0918586757886692,-1.0207162621968042,-0.746454857426582,1
2.5000720952169475,1.502367220795261,0.2771907168063168,1.8946949378516131,0.5632595051419754,1
-1.5446405054429484,-0.8442605882823272,1.1336234852564757,-1.0601529996793926,-0.774022190721586,1
1.2658733254228798,1.0238498837995067,0.9458380583471494,0.834589159755823,-0.0422301209101293,1
0.4147365478450442,0.49343436544731256,0.08215522577820555,0.09652465716002645,0.00785751201354475,0
0.40732960384232986,0.7555724385663644,0.7442986215721191,-0.05742808820848899,-0.2785545483346707,1
-1.523946536501966,-1.6265536914082213,1.630972966363235,-0.24785158260118934,-0.6788824994894049,0
1.1647752882182507,1.0285902533843558,0.9093618331479183,0.6945495258035361,-0.07722892592031554,1
2.0166219362880122,2.6410300316468467,1.5408652465756267,0.41229333538004576,-0.38576853765889263,0
-1.9113500637610765,-1.0201623531023654,1.8131403925828036,-1.2753908435317118,-1.0911927938121169,1
-1.2709934196485706,0.33313993337262326,1.2482132364354066,-1.7655674682330105,-1.0471698150754456,0
-1.7013585764330048,-1.2408566285474336,0.9824431279981493,-0.9219863575952182,-0.676035144094065,1
-1.4520658515000668,-1.0770661285124075,0.5069005865227275,-0.8179825171621992,-0.46973019220300916,1
0.23057762439295298,0.41225969761784975,-0.2702063231160712,-0.1175698723489842,0.05923106353688264,0
-1.5922440058525875,-0.05949000222813927,0.9012013115911726,-1.8714560260845507,-0.9631223073222914,0
-1.5272537898613567,-1.1028343863380052,1.6387312620435868,-0.7291893352773238,-0.8424587069177422,0
2.3293674280452326,1.71281474287531,0.718478710574415,1.545509517137057,0.2881081474294837,1
-1.8704335107506354,-1.4621700223752763,0.9677310770568484,-0.9402400213573413,-0.6788537412573536,1
-0.1428109425419319,1.272249613273649,0.9788618952886908,-1.205574392029185,-0.7516078682905709,0
-2.0767514210491917,-1.5007398454498144,-0.8577870271690697,-1.4330862559088322,-0.1982344442361126,0
2.314589796777723,2.32989095853108,1.485917972411037,1.0730672143306217,-0.14213122775541512,0
-1.7229602248919027,-1.3511290864479115,0.8765403921778061,-0.8643685205249064,-0.6194665542975584,1
0.8160034860688812,0.050346372784978666,2.2357967191841066,1.327809859641796,-0.3402609463410472,0
-0.7858509767833207,-0.2757159877565465,0.41958867281200296,-0.702335236484426,-0.3924790672932458,1
1.8212751338868096,-0.01948836521489461,1.2799308349652754,2.551939528267367,0.4192850224553599,0
-1.2262214018620523,-1.3421455729061516,1.026227577651473,-0.20999688017936524,-0.4482824051210416,0
-1.9349419089113769,-1.6363928006264943,1.0901125288527684,-0.8468731352431748,-0.6918216233330841,1
-1.1660750340950246,-0.9308245215596014,-0.20485780290376665,-0.6844654012873821,-0.16934599129818298,1
-2.1488839137148137,-0.816500761454326,0.5201538429599091,-1.9533292585477051,-0.8616797583524312,0
2.3530710731633793,2.0655792734102456,1.185973830209687,1.3210499609227417,0.04755409689201331,0
-1.8063653417235908,-0.4990058165113417,2.1788351475994507,-1.5632947368434684,-1.3158924595040857,1
0.358692377084081,-1.2385185287509632,2.9541096300251546,2.017392673368782,-0.36998847230841414,0
0.6301826301868703,0.8068085631944402,-0.36217302062001355,0.024743607633377795,0.14398136611051215,0
1.4245381570787363,0.4525446410365114,1.5046769799116002,1.6411358762128003,0.030756800889028414,1
-0.07671951945424368,-1.3021965083090639,1.4643822145779288,1.299947350274186,-0.08614782396052466,0
2.0662552908650813,1.3478680621467232,1.050375041914192,1.5867364612904966,0.18111710530995478,1
0.44381232255568515,0.813070493621304,1.4266668777511922,0.035011528659033564,-0.48933300846865196,0
-2.685318307096056,-1.6902006131826752,-0.2584534505232572,-1.9595920697914937,-0.5937108772093701,0
-1.437923850850899,-0.48734810115944294,0.43644999906242843,-1.3482750037518674,-0.6217137382345391,0
-1.9970207885122406,-1.1578335300499623,0.9855747189636346,-1.3789336475366216,-0.8331777818542127,0
1.3871479421591215,0.4259411566734592,1.5337398467178436,1.6213366922880978,0.013403695788713043,0
-0.9631261692196444,-2.591847655436119,-0.2656166571643013,1.0853516684668523,0.4457270406464075,0
-1.6077319258882423,-1.3372567131827375,0.5657853105341264,-0.7728795628080269,-0.47734032730212583,1
-0.687283471928462,0.1485302782931991,1.0057155631928443,-0.8784273105852883,-0.6581028709447271,0
-0.6550680810620887,1.240152208232807,0.8355372716387655,-1.8579579870357212,-0.9245631955621779,0
-0.9308613982133557,0.1442583583872472,1.055463001348766,-1.1817633085613464,-0.779872843689141,0
3.6506907124895176,2.0163320327661243,0.7093440258193524,2.9724198541012217,0.7831574979425342,1
1.6327642578257213,-0.45796450362494034,1.0804915305082405,2.680391483636507,0.530782363196055,0
-1.4989822159796933,-0.926834566964705,0.9988259042790139,-0.945160745505008,-0.6872656859158258,1
-1.5627561088245463,-1.2524887766713972,0.7151037191391547,-0.770817116568917,-0.5291071413768041,1
2.7219598044368305,3.650206695415902,3.4872311945597287,0.6803096810766132,-0.9786347602230993,0
-0.6857140118637414,-1.1823680642074492,0.31249038489917935,0.23936563300930558,-0.03877036837972087,0
-1.6133972506077785,-1.4460469767604562,0.42452687125896926,-0.7011171032584729,-0.4033212588124673,1
1.7784765377553804,1.4140071795683808,-0.29740889772200707,0.9616570667770032,0.4471503415482231,1
-0.39334517984798734,1.6415390361049915,1.8791502002087213,-1.7370001405942483,-1.2513849607359102,0
-1.8980578379421593,-1.8689239304874306,1.2322607625962063,-0.5665725235758714,-0.6481950215300518,0
-1.6831594720135459,-1.0821462054553368,1.8253988683598368,-0.9225277484619472,-0.9750524927698856,1
-0.6836171064188974,0.14733414734630979,0.09355840438539553,-1.0034075278687609,-0.37621402780547625,1
0.9228182805010395,0.924609199643264,0.8698232539403136,0.4715412463967307,-0.1404727104479295,1
2.9296323318899713,4.4535968362697975,2.653563287402843,0.09525510172471874,-0.8759324792365337,0
1.5709337240025645,0.6568398848787049,0.49790221853856453,1.499174891951422,0.3421777661658975,1
0.515357582171341,-0.794674904469464,1.4814192023328796,1.60315363992125,0.015886013051429903,0
-0.0613968497776577,0.9937071991876864,0.1487592253676504,-0.9652129497322048,-0.3758976261487711,0
1.022445038016516,0.733071255157127,-0.4905914105706479,0.5799218882925893,0.3794921823053483,1
-1.022027371737492,-0.9343057772998948,1.11591950390485,-0.30597298034931586,-0.5098177646569299,0
0.3539330567294292,-0.7692724416338231,0.8598621814835696,1.2824877847763572,0.1274206854766828,0
-1.888765480234982,-2.0064445089725753,0.5344497365826006,-0.5290831586351512,-0.3880113397746476,1
0.8211824218042831,-0.6199572686498125,1.5038587242285866,1.841553958300123,0.09107035007708063,0
-1.8721234029506486,-1.5568303068709617,1.0744907687990353,-0.8406820450745337,-0.6834906789104919,1
-0.8571405539226399,-1.438471280549641,0.19605607307238304,0.23525466566970576,-0.0008049366951320911,0
-1.5227264471574382,-0.895492866847644,0.9128115109204691,-1.016756980815095,-0.6809398695895723,1
1.499317446071584,0.7348904375268253,0.737946403004131,1.369902923465114,0.2130162825522997,1
-2.189476764694373,-3.5226147309622418,0.9116599530876355,0.5212395525289129,-0.174431270921162,0
1.8995282109060203,0.6662063460508219,1.1102294407486792,2.002526902579931,0.2968603788951684,1
2.569912959084513,1.4550303637490432,0.5199164976220724,2.062862073725575,0.5341265974193723,1
-0.36971249497237024,-0.33863843142089145,0.6052241843069653,-0.08118050235401397,-0.2460686434626491,0
0.14873136713480925,1.569794728541148,0.9686863695526504,-1.1024322587907034,-0.7101985991085596,0
0.31320767943721844,1.7253085367931065,2.3612489318979653,-0.8324502395910829,-1.1121491108156014,0
0.6201908860520653,0.5815605504201231,1.3046478667222923,0.45653442632986196,-0.30321619577946995,1
-2.0079029203669747,-1.262095660371617,1.812421488983269,-1.1792113012433612,-1.0599180450909778,1
2.1050974486178116,1.1177857757127205,0.7213500756993318,1.7997616058219283,0.36944600090633495,1
-1.8880138152966255,-0.23343995269444062,0.4971782080692414,-2.1522993836883493,-0.9169990506707759,0
-3.3820734683734486,-2.4890541350963185,2.045557367647441,-1.7990583349698568,-1.3654489149049236,0
-1.6807214550938983,-1.8895872705357104,-0.037857055321670385,-0.4493400386653025,-0.15595591799458636,1
2.574718154730659,0.9167197713187919,0.6046287858625807,2.5727160747790663,0.6744408686996924,1
2.468359040947554,1.1134284495657663,1.0160804215723285,2.3148429915289115,0.4411146025731422,1
0.5265010592383034,0.15535239837070214,1.5893990849217523,0.7655979314631071,-0.30206972100703205,0
1.3403408324940764,0.6226593208641145,1.52216611610906,1.379652598214104,-0.06375969571522236,1
-1.8971424275090636,-1.7290467612046097,0.7358085704716599,-0.7642976542235447,-0.5381121377624362,1
-1.6093707587947919,-0.6778409029380554,1.563773756093849,-1.2339616349289435,-0.9854233347164723,1
0.5743944363615835,1.4478290776606055,0.5504677068447719,-0.5016686789056808,-0.3562681741173103,0
0.7504244922759602,0.4253490506113151,0.4760947781501391,0.6484320502596901,0.056315749938798315,1
1.0958742717701426,0.37309204681779495,2.101121155798869,1.375025508404747,-0.27349989717052137,0
-1.404652942579307,-0.7414100186091424,0.8091595856223864,-1.0199162473002379,-0.6438687761152333,1
-1.7272444087457297,0.6065234764244224,1.2493003037254191,-2.6038780932652834,-1.3328206247765113,0
-2.7386953741345224,-2.980046323405798,-0.08299917201808915,-0.8256286246791471,-0.2777784302171316,0
1.3878712242767102,0.6930063540180085,0.6487518033776154,1.2515181365088996,0.20383456663911476,1
-1.1538034283997693,1.180230940769669,1.2577716087633506,-2.386383561483229,-1.2565930503372507,0
1.988657123582607,1.6510151991505482,0.9167909328533409,1.190640961763165,0.09530496751161492,1
-0.8523174388622463,0.767659171021515,1.660406971176709,-1.5628381239893254,-1.1208743361070714,0
-1.949770077698192,-1.121148140536184,1.993754419046894,-1.2068717766409973,-1.132819911259623,0
1.5944344619533632,0.23733495109381275,0.24282907881429516,1.8759569479897795,0.5587969045857479,0
-1.9414698408978923,0.3527029198664803,1.0074866198499726,-2.6832905403333167,-1.276020709642836,0
2.148049490669546,0.4758827436990227,-0.08492201565726387,2.3256662553869107,0.8316435243187724,0
1.8830512967723538,1.5752742254993408,1.0741393212371544,1.146061545750375,0.023381086751120998,1
0.5938919574077803,1.1659154275972492,0.7384182556389993,-0.1921509618981483,-0.3193301742943582,0
-1.567504429765199,-1.4551317395090444,0.26583535969486893,-0.6563478879240138,-0.33154278252654934,1
-0.5181366064293702,0.8059323636664656,1.9241837950800167,-1.1286519549107707,-1.0655806805159467,0
2.1483972823990247,1.8428636603637847,1.6955701682896682,1.3333178154707364,-0.13148028514999888,1
-2.0429801531717593,-1.4845087789139444,1.485868948360856,-1.068236927469221,-0.9074036011799131,1
-0.33217205139771344,1.1962828746904464,0.6742131482089542,-1.4242960801492415,-0.7187661759139745,0
1.6850996080143892,-0.6515014624662214,0.4275278179141365,2.831010560917413,0.8133398943318826,0
2.034947847872707,1.878995974676671,1.5246529223395693,1.1293956369434346,-0.14026610873190376,1
-0.4180847311148874,-1.465247627464629,0.10437265360936554,0.8132163205520646,0.2298214227582937,0
-1.7008242285276676,-0.8093916252187496,1.4561448315458803,-1.2473164559472567,-0.9527516988557015,1
-1.7858047127066528,-0.7020605797050792,2.00101256090994,-1.3768592794419916,-1.1902956478179498,1
0.3449129432574593,0.7937610948063959,0.3381762416772719,-0.23109176290019617,-0.19320623580601254,0
0.10539927239178234,0.6107449479833307,-1.2129256311513847,-0.5955433532140265,0.23256963069638784,0
-0.7289342363602118,-0.33645277856210065,1.768268528925859,-0.3800186595325059,-0.762614406489549,0
0.8558150131678748,0.8859052124304873,0.5539970628713344,0.3751133197380482,-0.061410529770109266,1
-0.7580677565105775,-2.707275242993007,0.6234235193129076,1.5828877566963047,0.29888300087033515,0
2.101248858969807,1.1380610625886913,1.7846479543157345,1.928760153891071,0.03527895664045358,1
1.6335631251171354,2.335643840174258,1.1220567643496864,0.13667930080684543,-0.3336550079758474,0
-1.5928718516480767,-1.3689708908909481,0.42506670144034764,-0.7449231933366711,-0.4179101853790316,1
-1.1251896297442139,-1.1353678182485167,2.284545872897634,-0.08795594117130712,-0.8527549901031486,0
-1.9812775455989644,-1.2670550211870644,1.7476049320023577,-1.1496142664928322,-1.0267316992763063,1
-1.4050500969244022,0.030128410748010315,0.25671089789735324,-1.8041036059034696,-0.7098374320393847,0
-0.9435077712561056,-1.8874115885195617,0.20949944527687003,0.5356187547277181,0.0937682757628877,0
-1.0866587692972673,-1.0543076643527503,-0.530642682469963,-0.5159395776935272,0.003434559747206646,1
-1.4312450574573479,-0.41192549503204645,1.2874013580167603,-1.2864924062692693,-0.9028811202478428,1
-1.6520123343775714,-0.8872641892917703,1.3326603581961272,-1.1309243623232006,-0.8695048164804873,1
-0.14691689957772494,0.07912826034644216,0.43528355793682794,-0.1994440922792362,-0.2227286849844275,1
-1.6635284341173446,-0.5624403720222895,1.682162664836917,-1.3922487976872322,-1.0809184922237518,1
-1.4514444647261455,-0.049781796422175395,1.8554985808588516,-1.5617520004507992,-1.196597658981421,1
1.1071392740245274,-0.883367303570317,0.5793794732712987,2.318555221765836,0.5816559589062548,0
-1.5383623610463772,-0.6873729759467417,1.4354824530891968,-1.1520095273921487,-0.9117207790230747,1
1.1730840458011118,0.8724419406622145,1.0332741477450886,0.8656134539897702,-0.06395031789580008,1
1.765699435858127,1.2663060366361665,1.1996167162982327,1.2947000258874257,0.027171350903440243,1
-0.7504452760943412,0.761709128898324,1.149200509124401,-1.4992331520855409,-0.9171040008730451,0
2.127777935754369,2.821716429633155,2.6453252405475323,0.549160230407679,-0.7305899988561434,0
1.0294334543611787,0.2850880471081313,0.15597648859549762,1.0906909043880155,0.32081434107381746,1
2.0194994130797603,2.1783140608425713,1.0312247417180374,0.7654068858533265,-0.08698247036055215,0
1.6974113035071423,1.474408797463739,1.4762981130214057,1.0562331430621783,-0.1514247248009605,1
1.7208213493527036,0.046681047054415226,2.0747535597067195,2.475852744910104,0.11074638249817938,0
1.4709749289649494,0.8503368750916389,2.437772460766401,1.47167153707234,-0.3563412596952376,0
0.8813790183799096,2.7759629542949034,2.383671516578435,-1.0552326180313607,-1.1880013231999458,0
-1.5262797857065935,-0.3294968412443249,1.809759409614501,-1.40950237941776,-1.1303727337661702,1
1.7497788359166433,1.3725223220462808,0.8781361513232915,1.1310709222555602,0.08637784706093077,0
0.012840131817772594,-0.7825384776644975,1.5273722285614815,0.9500953494817659,-0.2243306891872116,0
-1.6677307956383796,0.2386811922640043,1.6614190485721057,-2.132111108442302,-1.3207511627839137,0
1.0348065946398946,0.7319401352953929,2.1362297852691117,0.9735978135092269,-0.4207486024991387,1
0.27237773912637514,-0.9548765437911745,1.5183659767571456,1.4411255304723052,-0.05413350768625582,0
0.7469905906961,1.0743221915846257,1.1549049431226324,0.1487973790613264,-0.3514348833342244,1
0.2279688030043888,-0.03873993632736039,1.3696611237688696,0.5260069445220359,-0.3075748801728004,0
1.9922557250316493,1.7159733358877687,1.3454580089780188,1.197446731083991,-0.054453446320437374,1
0.5630476257059048,-1.3588446235131548,0.7266468904294148,2.071584053086228,0.44066926997598815,0
-1.90751500197889,-1.723555535726054,0.8058896056225765,-0.7726489359406582,-0.565882650887913,1
0.46753863685188607,-0.6765392087710438,-1.0205622119896733,1.0747862937952422,0.7264396678660976,0
0.9860817650505661,0.6060003787253216,0.9013651052214566,0.848620218606687,-0.024977042789558666,1
1.4688923583875562,2.2004651442245398,1.1168088170254729,0.04682169974993067,-0.36369908856476907,0
-0.8745791541565094,1.7182158376502663,1.968708216169094,-2.4152648018701477,-1.5152465577665872,0
0.29080510494397427,0.5342932281684587,1.2244887376713014,0.06307997787691166,-0.40998866991005717,1
-0.5113312632128164,1.06843845767039,1.3088382639175158,-1.4477910814323938,-0.9538089273395554,0
-1.4672415480731804,-0.6652182868687075,1.1394685773103324,-1.122895518169551,-0.796166019065048,1
-1.1527286017888092,-0.3055714841347509,0.583061949542291,-1.125138712805288,-0.5959161184471756,1
-0.806042976154707,0.8057571545046844,1.3728770868417386,-1.5791321050401774,-1.0237825596135623,0
-0.326578706253172,0.8390483634184486,0.6174772224819576,-1.0990401783275947,-0.5899260619815756,0
-0.38148422552682887,0.5327167151753391,1.0097926049258916,-0.8339486834767601,-0.6411821392176549,0
1.5317649181681208,1.0456946947747605,1.4694063710809773,1.2328931162925427,-0.09186939335904684,1
1.2693824300711296,2.4395622019530725,1.6847711300245471,-0.34753403786989145,-0.6992084454282939,0
0.04020659937690518,2.5406885389008274,2.076128364377709,-1.9701643020634783,-1.3941750482925301,0
-0.21798311462894832,1.775933048781333,1.3243400304416308,-1.7129404324805333,-1.0445121494684817,0
1.6044926627681049,0.817945029141727,0.9696435086914607,1.4630384095979734,0.1631378445313522,1
0.45983580619917863,0.8710927493563683,1.4744812947603854,0.009571429067717574,-0.5146096719425076,0
-1.7636238188975362,-0.9223299116939111,1.4843665074716879,-1.2212025288280262,-0.9547611888674506,1
1.533920431367152,1.0549142810567345,0.9343235828601205,1.1505257273601757,0.07046630766219837,1
0.5160780420787777,0.85897820874366,0.20642269862249407,-0.08862008970604052,-0.09691004719147987,1
1.3197211760599936,2.1842954197548385,0.4314304229686955,-0.22922412754018973,-0.21447778202892684,0
-1.145564629038856,1.1035910506912403,1.4827089836745422,-2.2735179798068987,-1.298595261980905,0
-2.2728404013970156,-1.5423827232793421,-0.4121646381376134,-1.5842409083387108,-0.4090646387508886,0
-1.5043256796201008,0.2835636865057305,0.8343186990089266,-2.08080167805876,-1.0083159418531265,0
-1.4343965254753237,-0.7194177545567377,1.0134100258930636,-1.049094678095086,-0.7264163744143854,1
-1.594797400454845,-0.9581854615468961,0.9762006800489187,-1.0434427705042344,-0.7131689169645412,1
2.0946590332699575,1.6217513674801118,0.7794621204190927,1.3344770279508311,0.19328695233828577,1
0.7433608522617267,-1.2742213637915345,-0.38857868294103515,2.067112932872972,0.8368803665267917,0
0.5128695395036474,-0.515235319141627,0.9040234399166738,1.262001054386707,0.10673475469572598,0
-1.1498869801777418,0.13975487271792664,0.48280621318810724,-1.542453163068291,-0.6997165813657974,0
-1.8772724356542863,-1.3309428073713239,1.1649907713486924,-1.0405963261084452,-0.7824346914545478,1
0.10010255178875616,0.6987014365749789,1.4780539653955922,-0.29679887433237906,-0.6223453932548751,0
0.9943074862035348,0.9879330159147273,2.156492741455989,0.6904996915447976,-0.522967853782031,1
1.5110119943943594,1.1375556947028336,0.8419367517493317,1.0322551868602605,0.06347131726428602,1
0.2338071903567099,-0.567017182656755,2.35670596876177,1.1574289017545984,-0.44674999195155446,0
1.2692054905394474,1.1875164476792448,1.4098369646670053,0.755991961831658,-0.23305382912367348,1
-0.4541804436516769,-2.070818612512075,0.6155786556922317,1.3928538942065352,0.24167469357301724,0
-1.3024169279881255,-0.7629726021528731,0.6672380964188744,-0.888630797058955,-0.5484931252947131,1
-0.21108938004028133,0.10319352325695175,1.2670618708364063,-0.18496228038780038,-0.5137077314165994,1
-0.06269881981471115,0.3053106853968839,1.2815913081136543,-0.17590367343879043,-0.5141332465108751,1
-0.5085536056465784,-1.5743355897151088,1.5615873429732172,1.0050228356443782,-0.22410452437661005,0
1.1722552329641296,1.1049111786552612,1.0464944895349086,0.6541835626681023,-0.1392758370668917,1
1.1977925984364242,1.3578677257184628,0.36940427271185017,0.35908560864346617,0.0026460249379131333,0
-1.3354607349655157,-0.29507497306348274,-0.2291055925505956,-1.4870287918310432,-0.4307758857282927,0
-0.1101695790309434,1.1689051003127615,0.7257690983095662,-1.105381367549909,-0.6279780972874127,0
0.7566387438646209,0.5306361544699612,0.8351447464503552,0.6118081466143701,-0.08322265034262782,1
-0.26211001805424033,1.3710238942614594,2.0676130819645473,-1.293603799857968,-1.1686255925776161,0
-2.4110746495462965,-2.6805647354217133,2.2725100990821683,-0.33844884434688893,-0.9469170818832231,0
-0.783079928221011,0.4821067780172845,0.14978064392854562,-1.4293795506587161,-0.5395923747270466,0
1.663064367948578,2.9363759554259987,1.8305552415499458,-0.27214430822974756,-0.7212253310447805,0
-1.9151566216415339,-0.96968222267762,1.8419263198131177,-1.3222666665576563,-1.117106907025434,1
-0.3162451265216061,0.9118549421739307,1.8884779687057378,-0.9699165013040928,-0.9975728194309226,1
-1.651921246426826,-0.8129602816399963,1.5191000428173043,-1.1719143291979972,-0.9493370337591772,1
-1.549115377790592,-0.4580168809360202,1.8368660607218026,-1.3177424771107453,-1.10959965393883,1
0.9707479591738357,0.6430202591647804,1.1265705758969529,0.827323566986517,-0.11216040810341776,1
0.03464634970232054,0.10350356816574424,0.4263933513731346,0.011357138546828516,-0.14707513786737336,0
-0.817146724735832,1.0889310727540562,1.201052532312023,-1.8766547250244259,-1.0623382171739397,0
0.6966228082665001,1.2610878646582067,1.2747427572820187,-0.06955057256906394,-0.46746324735723904,1
-2.165658781830123,-1.9627684795269265,1.342898414578232,-0.8103974827063944,-0.7719629354449127,1
-0.996245836820152,-0.20141428258135663,0.16652247605546155,-1.078009420887758,-0.4306064626149824,1
1.6367750973964235,-0.1382505272632878,1.3808365449604325,2.4367229993963324,0.34288361633651504,0
1.4743371531356115,0.6208940971815727,0.1607835751238753,1.3589810649276255,0.4138344429529231,1
2.9393147865159475,2.3962596763171677,2.164756235875382,1.916107601611197,-0.09417602567937833,1
-1.3747635119065345,-1.0225032730961625,0.3130529941415249,-0.7958299311127544,-0.392674197492472,1
0.924614653238242,2.1289705124695875,0.5226403262297538,-0.6755686210157776,-0.40046641781291337,0
0.6322813521654171,1.058420721112383,0.6169940417088262,-0.061868579006231994,-0.23229388959413155,0
-1.5965504898128802,-0.8069179544310052,1.101405476282848,-1.1658656489854633,-0.7985005550999255,1
1.4922678562267258,0.6590863867792809,-0.00778316379842825,1.323078955388644,0.4618479044754655,1
1.4891244371905112,1.9317413997206716,1.336311114409643,0.3497689751076648,-0.3401406850911399,1
-0.860009580938978,-2.1208273047182917,-0.6936849545478239,0.7269870855928676,0.4790631243497195,0
1.2052609569752282,0.6904028416504546,0.8847382928792953,1.0520526954575518,0.05139136578462135,1
-1.0504664735275275,-0.5368639910027928,0.03874562396168846,-0.86002951900442,-0.31308489977584714,1
1.9023900397387392,1.0603116293923749,1.7286762472824708,1.735068619406131,-0.01184747440650331,1
-0.7948435079144784,-0.8824115465904481,1.3653833995997382,-0.0243700685772823,-0.5016432897560124,0
2.739108664559153,2.7294131815404494,1.200411196534807,1.215240635982783,0.01151811772146024,0
-0.17204478240096394,-0.8088375891809829,1.7539014731099984,0.7679732533522492,-0.3676515943574628,0
0.49873899670082134,1.2476768657562445,0.39513672500301456,-0.4388379458299767,-0.28104354166732803,0
1.7625183883505802,1.1859307354493076,0.8728808211327634,1.317126843865314,0.15053849204062839,1
-0.10912405393288384,-1.309201841817412,0.8632737481416142,1.1783215482954736,0.0861005262610402,0
-1.3446013257390748,-0.905510857401079,0.4462296038456053,-0.8446237893566187,-0.45587261104078336,1
-0.398802431606989,0.9135158563856287,1.242391449439139,-1.1706338632214381,-0.836363436884189,0
-1.9442739705443404,-1.3526187820690636,1.5711528390269947,-1.0490355737353805,-0.9301119465909904,0
-1.4229383297476146,0.0016048811246487382,1.9296020823362456,-1.561253051774425,-1.2223926593444512,1
0.49931252704491547,0.8114827111871427,1.3153647569301972,0.09213094504840358,-0.4301305858055203,1
2.857025003707099,2.021803651754654,1.3410506397911643,2.0336782739406276,0.23636907996998677,1
-1.6690187673234043,-1.7041504040351183,0.1977288140162956,-0.5697659823729196,-0.2796246549140595,1
-1.8688842941185646,-1.2159860671504863,1.4213103960749178,-1.097975028678438,-0.8924366511056098,1
2.3641623782358554,1.5349714245395587,1.324095908448435,1.83964306817367,0.17191216390717556,0
-0.6420385553241812,0.7825753286309142,0.7727662120989918,-1.432352545273253,-0.7599759952803369,0
1.7559946545389071,1.2042481566435783,0.42260206645948495,1.2274119207028074,0.28023530205315605,1
-1.4972291292349134,-2.0730107813528056,2.5144365377923386,0.3209580327116641,-0.8019867117342127,0
1.896227242112473,1.3364154814095315,1.5468277568158788,1.44894084610604,-0.042984023934262275,1
1.1594020238794376,2.210726650323072,1.2679672764185794,-0.3403104860583456,-0.5501931323834712,0
1.9989194391252467,0.9288224210760162,0.7438043170524646,1.8384774294020922,0.37319426208201056,1
0.3769315268833227,0.2670656442311419,1.0296130022500405,0.3902845185879078,-0.23056719140294457,0
-1.8642229641575763,-0.270800184403565,0.28550128493469484,-2.117837004111177,-0.8301201144884734,0
0.2441297135659892,0.24932758819094425,0.8341205553618964,0.20704769891315244,-0.22394712721994506,0
1.6775426207673239,1.5452436139134293,1.7485385204435095,1.004953754613939,-0.2653615834271666,1
-0.29893107694641097,-2.486236572173527,0.6972605774837908,1.9842348170526707,0.4120237965602987,0
1.317178865845613,-0.9717264794545095,1.99324695410197,2.8730661683029055,0.26771422312232573,0
1.3912890096853192,0.9731348550577079,0.6737831460224707,1.003747481478264,0.11222847601766653,1
-0.04689502051854191,1.6111131391289863,1.2519613346123397,-1.3520184555965526,-0.8963094705921979,0
-0.776839064566318,-1.538457449093496,0.7490942681439534,0.5094932257031901,-0.10447156138960725,0
-3.778981076808247,-1.5773231479200929,-0.9830941835828635,-3.578089008593262,-0.8898322872453819,0
2.249872747669274,1.416671371419544,1.4144932867435474,1.813113744462647,0.12966948454824018,1
-1.0229488212881106,-2.5409911850019613,-0.4821518326354566,0.93065656948518,0.47018378777249414,0
-0.839528163013695,-1.3330823398774143,2.00433764230174,0.4210699424091241,-0.5800356276926948,0
1.468199682110553,1.1669204934764317,1.7973611064488386,1.0871974197282956,-0.25761163643196316,1
-1.5455982814640534,-0.7093079435531493,1.4031374055484311,-1.1459590570685918,-0.8983080566113736,1
-1.6623738337124727,-1.6088812349110106,0.3714460772926007,-0.6232640613187449,-0.3590464824110925,1
-1.2142584827829885,-0.9777428773935664,-0.14505335896359073,-0.6952378505632613,-0.19471349852769387,1
-0.5055850954501694,-0.011643102227355984,-0.30325623643821364,-0.6853825778205587,-0.12716469546114362,0
-1.4741722321946038,-1.8230477897282138,-0.6077846753822256,-0.32524236583520494,0.09005450139758156,1
-1.8632642699843056,-2.9864232992057156,1.0863418171763863,0.47774101039875505,-0.24718757887882264,0
0.7155460402292402,-0.5656795812332556,-0.26756760595183815,1.401633284188038,0.5713348519691287,0
-0.6499933991346253,-1.216593725687971,2.4537537246077843,0.6237770492461079,-0.6695822158826228,0
3.6870513332721693,2.018463183439724,0.926535916492836,3.0485478568374416,0.7319539849452557,1
-2.0293248097798693,-1.4127442243519805,1.7934470337673614,-1.0720304565829446,-1.017629888694338,1
-1.2407844294299175,-1.0464139662509886,-0.19776696289137918,-0.6743322349484111,-0.16933403690301282,1
0.05913518949450488,0.6513310045256235,0.49000975370434785,-0.44810780618109525,-0.32284207484615557,1
-1.9368170001912726,-1.039852601769626,0.2550971480220514,-1.5137062184000634,-0.61836343154732,0
2.2721565502631833,1.8425708277068276,0.8593278647808927,1.3733952690038793,0.17999120071144872,1
-0.5892486398320254,0.8572335163695439,0.8632906970285117,-1.4194053516011627,-0.787159574075625,0
0.9215515777437363,0.9297474963706949,1.2373484034693432,0.5179183626685724,-0.25537796553026126,1
0.11421935518971617,0.7602845777780902,0.6002478201765143,-0.4606860209267819,-0.3655193769560544,0
2.050010774763621,0.5544739769842433,-0.7413046629655031,2.0332503426526403,0.9656969116809123,0
1.2052836791279358,-0.35887101996361614,1.8857854167668424,2.1536725806922785,0.06424687963909453,0
-0.2782034092887716,1.7512413193147085,2.465116900363199,-1.604529509410414,-1.413689519665275,0
2.4524659471739154,0.8344035471781552,-0.08441016107954402,2.391282956443801,0.8568741221548702,0
-1.5661388986183074,-0.5572140019691876,1.6417169768248443,-1.2771263002351134,-1.0269968905155678,1
0.7077382667480178,0.896694101339392,1.1611816104434272,0.26122032281179075,-0.3165583261174491,1
1.6873240125885567,1.26535962815011,0.43071339381347096,1.0841485071714225,0.22871398083252803,1
0.9213687404654448,1.215081143377522,1.2143842439184294,0.2538654535347492,-0.33543750570389474,1
-2.5053201273931154,-0.25400477036663727,1.3521419644413517,-2.8076374016708776,-1.446297728004302,1
2.08853584549405,1.6369531533654313,1.0353144571027548,1.3493837274468783,0.10743042580921812,1
0.034232609096168126,0.39781756595543416,0.9287061729994498,-0.18586802496641242,-0.3911604605041226,1
0.008492169286735565,1.7850207636643782,1.773822126136905,-1.3644847374448943,-1.0849723938302769,0
2.382940183501235,1.9420469496544461,1.1169479021622228,1.4624928756781865,0.1196319452546795,0
0.21631351230640944,1.537065767885879,1.2016229263869427,-0.9519218281184978,-0.7417826634788771,0
1.3278774240447444,0.5681617292866967,0.20694530619370355,1.2247218672684834,0.35092946265646113,1
0.5062819070953233,0.35614316964414694,0.5235794946271801,0.40333075136605956,-0.04520528094548292,1
-0.43350515589195426,0.9450090005328609,0.6991298121959328,-1.3220815248545172,-0.6946247777854696,0
-1.4842253494938829,-0.6839264836889698,0.9937717409414722,-1.1486269758173477,-0.7532691304058006,1
-0.10632025907776528,-1.6783614308907986,0.24838191773046114,1.4308252107274475,0.38861680635655166,0
0.3964716566948413,1.5494801839776216,0.7525853551561779,-0.7951307750181231,-0.5280409519362985,0
-1.2026769371451587,-0.5694504542177306,0.5018178163534728,-0.9603196401277173,-0.5126112123830914,1
-0.05380023489996109,-2.4817403696508915,0.8341574803597898,2.316135274695327,0.477139667015121,0
-0.5377718402381546,0.9038633121804684,1.7844198464563203,-1.2634520190820737,-1.0612522086941563,0
-2.003870499393658,-0.3451990406637324,3.270035371207222,-1.8021559049558435,-1.7850603225191537,1
-0.27983456773299165,0.2722738802494207,0.48261161074061043,-0.5405570382641898,-0.35498938430229243,1
-1.8628255739209751,-1.7315933654679447,0.6650552600658632,-0.7278280278572269,-0.5004356917329514,1
-1.629763318325294,-0.5170157743701533,1.818018004985393,-1.3706634677204492,-1.1215164132913218,1
0.27024861266357475,0.8851244008575331,1.5779115926444929,-0.23309611034700428,-0.6345387795814253,0
-1.590867147697512,-0.40046035025271653,2.0027828287175,-1.4003881372573546,-1.1965460615801993,1
1.9776841298564307,3.4455561089354556,1.6048382002982988,-0.36335981804943085,-0.6680092966354042,0
-1.9077400751789264,-1.7861864768736313,0.8640336623647044,-0.7074163326566227,-0.5647220266705985,1
-1.4954342264579419,-0.2825845097230252,1.92269554322906,-1.3963301459249242,-1.1656836954812055,1
-1.6776968816136537,-1.2481406835525317,0.9939896573767831,-0.8831412454981933,-0.666884007412492,1
1.5119533541650627,1.0048971593193656,0.7179213669341518,1.136810062022165,0.1424030633271529,1
2.5175811136310893,0.9756018357300704,0.46604213804707073,2.425337253007224,0.6737194939533805,1
-1.6368689156983145,-1.3420472324710535,0.09826764490246354,-0.8731533317514453,-0.3453144664911812,0
-1.5665460015624137,-1.383306363676797,0.1372854958185079,-0.7391252406167518,-0.31357860472554405,1
-0.6720798991287967,0.6870016422902954,0.6307230368344359,-1.4042305663103507,-0.7005359381216736,0
-1.843853752935127,-1.4855520433148666,1.0725777231804658,-0.8695511741993291,-0.6921310136005869,1
-1.0496254380962196,-2.2934668054587553,1.1139113556954203,0.8991018022566327,-0.1068792257973448,0
-0.19487456321051852,-2.9038105570330286,1.0223140273775615,2.546412717611611,0.4856924047493013,0
1.6844524908418785,0.8732899653922939,1.0839655241412407,1.5320986081659962,0.1465676846474302,1
0.1181755382376734,0.5802541404253366,1.368177415101555,-0.18108136084827542,-0.544504139346739,0
-1.5539477608753451,-1.2456838653543172,0.49912150733578786,-0.7966340476942195,-0.4610084988619071,1
-0.8147090532489178,2.2709028387840178,2.5152840644812495,-2.764245574302759,-1.8250351099525506,0
1.2606910575111938,0.4952198836469639,1.8332928526392451,1.437828233464148,-0.15561553726540817,0
3.231265080211056,0.23536237278157657,0.30727602607000104,3.9995514031831556,1.2640836329340532,0
0.8359211022595625,0.7781300564555067,-0.030979556909979777,0.3639553687422399,0.14215914542608232,1
0.7340887925174779,-1.736572269165677,-0.24173860179356255,2.498352536961935,0.9287324131403019,0
0.6806513584147756,2.595286042965928,1.9088061997391086,-1.217428003969411,-1.0760223428163052,0
0.37369584733472705,0.6535689044223982,1.0953565918844579,0.04263938464775674,-0.3700546825647145,1
1.2279971332360744,0.9949961199349295,0.37388132359699144,0.7300305374227065,0.12531473819709293,1
2.203589536422921,1.6346913690951057,0.6485995072411442,1.444485896034777,0.2777089821487862,1
-1.7678228391024893,-0.7607137521890606,0.36910626659801815,-1.5341150252892617,-0.6636870000571639,0
-0.4597199590075624,0.28565079213081845,0.7152099271802218,-0.7515824494783623,-0.5100608210190556,0
-1.0391839977570254,1.1664182380549504,2.8925786635665722,-1.9914069408966673,-1.7033007667981144,0
-1.8727503191475159,-1.0062186813601353,1.681693778678775,-1.2571534933459636,-1.0380260603891576,1
2.5637697015400236,1.5388992727363577,1.4263630095281832,2.1083422446127993,0.22767905247081974,0
0.36848906120768554,-0.7393968349910407,0.5644102175465504,1.231628242506173,0.21541260003346038,0
-2.1455404328699093,-0.8442135629640533,0.3983898169098321,-1.9411719619323156,-0.8143835947716886,0
-0.48520589134551556,0.8769428868670353,0.7401676677241287,-1.320775699973256,-0.7093404283215745,0
1.1445531738946326,0.6615847785951916,1.2236580060859972,1.0486148462939604,-0.07068822534181463,1
0.9589505889925524,2.0675735781997893,2.016709487812438,-0.36094390961758005,-0.8250083227503922,0
1.3007637240326066,0.3203078371060817,1.1898461456562188,1.5569799312100612,0.11291367302472889,1
0.21040808123104943,0.28710563447430637,1.4113865389416362,0.21181266718337832,-0.42753221416873005,1
0.9519239321830765,-1.1694762103402079,0.46245446023939074,2.362693328826487,0.6360986245039125,0
0.6562731766529616,1.531724615796234,0.7499670932600924,-0.4439854638107873,-0.40683403718323086,0
2.1234826119737376,1.9049618198308187,0.6501662986725527,1.0945513393582345,0.15934176755846807,0
-0.7239884133128982,0.7078534976093245,0.19902347954151123,-1.552170484745451,-0.5974005631028895,0
0.22960123877098731,-0.5096873526536209,0.9261800433306475,0.8945166514531616,-0.027130764016299016,0
2.3103223943633293,1.0710481260980973,0.31071034737648273,2.048419837919373,0.6005407311834294,1
-1.237867206235003,0.7081447198975338,1.4652782393985013,-2.0340843258241046,-1.2134905097832949,0
-1.7685157623183785,-1.5068274780633566,0.7381533347274709,-0.8008485646812064,-0.5496772504534198,1
1.369824053332609,0.24556692775291022,1.5884038785509142,1.7715074119077128,0.043975360209408294,1
-1.886704830694412,-1.3884762448031114,1.2418816594561173,-0.9892129788216231,-0.7926565256267133,1
0.5409844263111822,1.035753897150338,0.3613847788451102,-0.19565832234524594,-0.18735328527420822,1
-1.6360964616662317,-1.5812195967052487,0.24062238774485412,-0.6333662615421279,-0.3157086884277616,1
-1.061860872037464,0.49474595872086746,0.674992905286993,-1.725408338988434,-0.8280004412387698,0
-1.5910661183446502,-1.0508579598092618,0.9643498703086816,-0.9557118517375269,-0.679616312212726,1
0.16238375071493136,0.15415661437949169,2.339524635878856,0.4043158175063344,-0.6930441504033565,0
-0.44850395618645217,-2.854539548134099,1.9980095320514781,2.313998492624985,0.05901020681577319,0
2.015496538374717,1.4234521249214762,0.8133758391962798,1.4182274647820527,0.2083232615789646,1
-1.2042179798484505,-0.6270093503227103,0.6043237719371164,-0.8950549613382487,-0.5271927184137178,1
1.3588681862315544,0.6294666782146985,-0.23090581016046152,1.1459568625875551,0.4803057057526187,0
-1.3705089787982057,-0.9586248696913333,0.43838676927319886,-0.8306900537861978,-0.44873320670207284,1
-1.7290314971941818,-1.1394805275236592,1.1724544910616939,-1.0230156187057484,-0.7775085830932036,1
-0.11110080588589348,-0.15616486427485343,0.8228458707967885,0.11719262333128422,-0.2540392654564473,0
-1.7998705550342173,-1.2632234117002696,1.0213284799636457,-1.023131221823696,-0.7247470006945187,1
0.3187852245561618,0.5370580093175972,0.9370392281204962,0.05544717048254233,-0.31024218361607225,1
1.604090780508032,1.5687379027171557,1.0688724263515528,0.7912379227118918,-0.09647708300730269,1
-1.597111339611113,-1.4213617631113626,0.3380388652377262,-0.7150392301810313,-0.3771025799536981,1
0.9223158579236947,1.0207298565490655,1.5615634588078506,0.48232611422848837,-0.38227633095647956,1
1.9577510848179476,0.6413770303695623,1.1283105196927634,2.1029346569967675,0.3246543368808221,1
1.4308565716705164,1.1033244776749118,1.3707983855683146,1.035897873006962,-0.1238497137319358,1
1.542117093411834,0.3607688489086005,1.0662824600405298,1.8138170649170067,0.24531255817837588,0
-1.5529249213275442,0.03355949738453068,0.12312401687303931,-2.0172453484747046,-0.7353412836700699,0
-0.4054640236036585,-0.8130387309810305,0.41069382344745287,0.27793258142724375,-0.05750968513979465,0
1.6444554864198677,-0.02348938828210112,-0.523364226033477,2.068788566927548,0.8955976548341037,0
3.55449829956653,1.9526716852236707,1.189839237576762,2.9752991005177227,0.6125557804076762,1
-1.1865971411240848,-2.119824967250378,0.44716216800802966,0.46816508101166454,-0.015866487761951893,0
3.2705931586494645,1.5430600582190546,1.1730845320170704,2.9804742585303767,0.6169701544284397,1
-2.0033084207263103,-1.1660589044912868,2.045725000952815,-1.2275118578886473,-1.1587659285257201,1
1.802156346419541,1.1234812842854471,0.7172677885650304,1.402989390281326,0.23487987518867254,1
1.256344246311821,1.4115443640677554,0.9451083322603778,0.4682015552103329,-0.16446862129975934,1
-1.436779298602224,-1.015968605365069,0.6348058277532507,-0.8356964906654822,-0.5208473471311624,1
1.1845495470755492,1.5118778189024251,0.5066473617450296,0.22105556366839263,-0.09230157169088095,0
-0.2463764291923134,-0.43706524431527183,1.0243767661023098,0.22797690216125188,-0.2900801023150712,0
-1.5719437772877864,-0.6049898496220052,0.29467742242610573,-1.4341634250216342,-0.6016469788096814,0
-0.02357133139861371,1.2836168895856699,0.25404946435645936,-1.165997268972183,-0.47988602992185025,0
-1.544742725436566,-0.7144818646236376,1.1546344468904006,-1.1757663810547465,-0.8200966352687578,1
-3.111324146299189,-1.7623984955536272,-0.15265777941723102,-2.4283188346478743,-0.7927051120841333,0
0.5243991624697915,0.8939295708588942,0.696453993678843,-0.039521895556213105,-0.2542563660227837,0
-1.8278443005262819,-1.507023385867451,0.8839743179794224,-0.8563303253805384,-0.6206224118949321,1
0.36943630176002556,-0.7409700112751882,0.7662486414939988,1.2632310131845386,0.15437623966042377,0
-1.6369263471221638,-1.3663668030561622,0.6846898476947714,-0.7669289199502927,-0.5178699678945929,1
3.0218521196490262,1.9809693318492796,1.0291314370307858,2.2389642261883016,0.4174902205074702,1
-1.7235605501722342,-1.0274541381330196,1.3334644514598857,-1.0951513045638512,-0.8586615665164476,1
2.0689543892206648,1.440282943704982,0.9459255883613793,1.4908624576699396,0.18617664256145336,1
0.5394980765199086,1.7744376256063517,1.0236650030536916,-0.777060064837436,-0.6165308882259863,0
-1.748273236033799,-1.3051689845167314,1.1503217087710593,-0.8997417294858,-0.7286992481185541,1
-0.7502334901040325,0.2878983179153618,1.463099004075258,-1.0213335447375362,-0.8688221416988582,0
-3.8017710693382276,-3.423502927782194,1.231904372806299,-1.6042152803256777,-1.0165302232339677,0
0.8238353541944897,2.0750864490540684,1.57989936541026,-0.6048270743250819,-0.7530637012035382,0
-1.4502865867689831,-1.956618367343331,-0.8301463451204296,-0.20434500162841818,0.20959774482211382,1
-1.877202853475554,-0.8188410172224808,2.1825303327865986,-1.36216476030938,-1.2508309105809796,1
0.916115297821168,2.083634961301632,1.5923782632694619,-0.4917430381149175,-0.7186570907479094,0
0.6844150206404708,0.3074462101795681,0.049162885606695794,0.6096665807588959,0.19406653318514458,1
-1.8680613831001567,-1.1147491490568053,1.4727771753356855,-1.1819669154471326,-0.9387420903816209,1
0.448282068189217,0.8570485272969262,0.6464963425462321,-0.11125106357943049,-0.2613674258172624,0
0.008891702239712968,0.27986517632718977,1.2226473757091993,-0.0687260098407132,-0.4565992123894889,1
0.6924205177300609,0.7014552169258347,0.9549033543694135,0.39013301368706443,-0.20049327893447014,1
-2.155000163653258,-0.5804727584773219,-0.3032687394858691,-2.294808099556445,-0.6837016346693244,0
4.291056026604129,2.3763554205711426,1.335252614383619,3.5599346706859563,0.7647137309919206,1
1.4618459841207614,0.990450374593516,0.15811319739665808,1.0050532743674003,0.29641248329503966,1
0.8097247425057005,-1.3552766861733598,-1.2647655538288975,2.10112596494452,1.1598380619850797,0
0.6340119939936611,0.04971002459555218,0.7892194778417629,0.8860655228788707,0.023275259997409422,1
2.831084232251038,1.46010187460029,1.6058335509075432,2.55103007249821,0.31495355235953365,1
2.032001657521433,0.8885709712308365,0.4761807785485098,1.8795486004781163,0.4822349424219775,1
1.0968603683953557,0.38381520697857874,2.0219043537544863,1.3551476478634168,-0.25202577475098115,0
-2.1944726492695525,0.26566767343585307,1.4364254837750634,-2.868847135964522,-1.4930770690543458,0
0.5545351156101532,0.16086507156823093,-0.07622384030008655,0.5578942722866869,0.21976392924032956,0
0.39861159255812745,1.5979990479251698,1.2616998643567796,-0.7636614897656778,-0.6981168888260005,0
-1.6931938876729076,0.43445981893274566,2.049097599355698,-2.2881368193169287,-1.5106942728689647,0
-0.031224753630021865,1.1380707687571927,1.1345777491928326,-0.9167155084230769,-0.709078377087006,0
0.17222955023786846,-1.605811024740654,-0.8947367622695632,1.5601649242597695,0.8405487427937841,0
0.05729525507016801,0.9183446695760428,0.9747142188541057,-0.6247721574682814,-0.5538289300197006,0
-1.3520884844320042,-1.8153993532839052,-0.8818341896919402,-0.2139591416336688,0.2258498788691338,1
-0.8265300804998612,1.6299144214218184,2.6012453327557674,-2.1819208865951705,-1.6611466444183924,0
-1.4532701008717162,-1.793052548379003,-0.46742619735590973,-0.3055249333311766,0.047087483379926784,1
-1.7508433644491903,-1.0036875520988666,1.2848284101485143,-1.1590380092021957,-0.8630613432426945,1
-2.1388637296048327,-1.9981720311411937,1.212834512522401,-0.7621409290335525,-0.7093945985952721,1
0.5072027528076303,2.0458711562534733,2.1735949713074163,-0.9016727496876349,-1.0664740602357263,0
0.9348766359471146,1.2096638614630748,0.9887525644840602,0.2438896532939735,-0.2585701356665988,1
0.27784915529470816,0.11064827880563544,0.6867540518721134,0.3560558210564422,-0.12150605881301478,1
-1.3719685604238798,-0.7910533595090524,0.8174727077536701,-0.9312136686140023,-0.6168126395499621,1
-1.4760385421326088,-1.3348817124719066,0.1597863925006322,-0.6633005736738933,-0.2951938307857057,1
-0.7588998636519321,0.4707159683646216,0.6032488388844339,-1.322743713666792,-0.6645657762770582,0
-0.3383392014374433,0.4274150191226659,1.3427951617689557,-0.6343655728019247,-0.6921536505571958,0
1.0554030043324945,0.2697349900716044,2.7906787933743793,1.5160452853931468,-0.471484297514989,0
2.498446516739204,1.1237886580671541,0.48374722534675707,2.267878433298299,0.6146213733512753,1
1.0550441650622342,0.7957008595777446,0.6293638540374688,0.725414275970517,0.031153357806395422,1
3.317291960826315,2.2421561079487207,0.9843498833870379,2.3753710881083494,0.4823327283970599,1
-1.269716737436889,-0.585100293884951,0.6544740052286256,-1.01066344305957,-0.5843534335581526,1
1.3613215210983247,-1.0668948080110727,1.3069512575860958,2.9185161570177227,0.5268718683478557,0
1.4585675849472695,0.9736217487906654,1.2276879360209834,1.169565561278274,-0.02811178425845971,1
0.023120185591544738,1.3317243191118204,0.9532265840699846,-1.0493972971579657,-0.6884398917709957,0
1.0062989944757283,-0.740654544177413,1.465314989826455,2.1851473904818617,0.22164237653962363,0
-1.5927537529618325,-1.347914074959228,0.5918167113884986,-0.7400845690176197,-0.47544845110011613,1
-0.06409209765208322,-2.7367535949741484,-0.7999882253491799,2.3013538284224353,1.0518103609844043,0
-1.784999994527267,-1.7982873891144888,1.2742645573412008,-0.4791273589743339,-0.6325885537470257,0
0.5342463064750166,1.254181293874698,0.9541848077430567,-0.31878174323138575,-0.4388593307532763,0
-1.6772676211857525,-0.27641887474771143,2.2916341064614607,-1.583734130773078,-1.3612547978367033,1
1.0241586856700142,-0.6497193320955941,2.115279316620918,2.218374918735938,0.002366557210078424,0
1.0163923086506983,2.1142832846189012,1.266226120254713,-0.43707597663728925,-0.5835401947180903,0
-1.3887870739046628,-0.8746798547503248,0.563680344508499,-0.9129591670833672,-0.5208730340803785,1
-2.6833892529501147,-4.145126258929924,0.6413535787708045,0.41340043489548994,-0.12022877425784984,0
2.5897871597677815,1.6394711968867601,-0.05738723944986601,1.8373227869577944,0.6638187651692612,0
1.751630805122554,-1.8250240237857611,-0.10808784108200364,3.9115548586982523,1.3650621435166828,0
-1.4983534764140094,-1.2125118924005913,0.33995286700381044,-0.7779947071050823,-0.39767783602846357,1
1.4493357887980174,1.9293025586148422,3.205929084726073,0.5687482808077757,-0.9307116125881598,0
-1.9778701837378643,-1.8627388935717981,0.6983722836778885,-0.7517885775936092,-0.5215792457517722,1
0.08730587603844688,0.47745978105172715,1.2734229170633224,-0.14065435889682498,-0.4977392621662841,1
-1.4098242205588154,-0.8835071894831867,0.6409488908081242,-0.9209702677218501,-0.5512021315044505,1
-0.17693497895950766,-0.6462165867969781,0.3462886733595878,0.4113275673441795,0.012520472617741977,0
1.6197913216091047,1.816022059175823,1.9336919346283796,0.7097348490257702,-0.43032387337463485,1
-1.88448572154325,-1.5252628271251636,1.297885790404785,-0.8534248963967395,-0.7671403617220234,0
-1.4775028325876176,-0.8132127166948098,0.22431688038623276,-1.1322465070091556,-0.47474992173075,0
2.124955673462986,-0.521758697960164,0.01010701500566391,3.2203842036774666,1.0965375182359254,0
0.760856384543087,0.7312977274991426,0.9417336376809704,0.44932251855581273,-0.17526417352187906,1
2.5104506876934067,1.7941927844967247,1.085856576458604,1.757602150955392,0.23070342591096463,1
-0.5019424437571991,-0.3044253641568295,-0.1882764451673935,-0.39686821531723104,-0.07153764092547718,0
0.608481262058336,-1.0628418261158974,1.0648184847472804,1.90845115883283,0.266728708594924,0
0.552904509381797,0.22395038919712418,1.8344808770119343,0.7721867580359506,-0.38651052196571045,0
0.2975914661919324,1.1566535225598529,0.9481554369232946,-0.5360337706546072,-0.5120071112765651,0
-0.8388236052843184,-1.366159826010305,0.9697360959378661,0.30381772550510344,-0.25216118000893284,0
-1.541954357746368,-1.2801257182457613,0.5828275402376554,-0.737704274929565,-0.4708813643143575,1
1.2759212286667878,1.245145645798066,1.6631998723004182,0.7483737045139843,-0.32540409680334037,1
-1.4085891212973691,-1.2337893472926562,0.03753436317954384,-0.6860813983888203,-0.2586595610486792,1
-1.4915457274715034,0.26356399183534174,0.8316722469871087,-2.0464262040860137,-0.995747649972535,0
1.8305421105161432,2.2734847395976088,2.404945492257385,0.6316293008512796,-0.6211765835106833,0
0.9325145467470215,1.0885683860596602,1.1089132016220407,0.36863842535505775,-0.2595541547222183,1
-1.0618370907098755,-1.464497004995876,2.313990369044749,0.29854282362806295,-0.7333676617409779,0
-0.17913953566774363,1.2276748841004352,0.29299919262867913,-1.310115837189375,-0.5436304477028593,0
-1.7321987399446457,-0.5546840181505523,1.9250706441852579,-1.4531258101023603,-1.1882154883249154,1
1.0982962724739826,0.1792952790693767,1.7373504997427052,1.502932450792897,-0.10169552006407923,0
2.4426138505500394,2.3454364366378586,2.4089408660246123,1.3564682442876859,-0.3734446037727723,0
0.15451145509910605,1.333097003520095,0.9204743754939257,-0.8857690960613623,-0.6206545651985576,0
-1.3145514803159606,0.37964058077367124,0.15593612158398185,-2.0208761306625576,-0.7454588057619455,0
-1.6675558022712191,-1.0795431561819162,1.0083638048046197,-1.0219294911850605,-0.7182277580117216,1
-1.5387851540916493,-1.0321765804334788,0.9486435917691749,-0.907545513174438,-0.6573549162076829,1
3.2504796362686212,1.8347616539557028,1.117151827928328,2.680156122177775,0.5362637131183524,1
-1.391306942771827,-1.1740053493239357,0.2665161313340939,-0.6855259535612535,-0.33950881673091443,1
-1.4344565372441986,0.32336040900301577,-0.05960079465726964,-2.1551514633759794,-0.7152247140619822,0
-0.20501111261800817,-0.997335894847534,1.0938935352259938,0.8028882664851572,-0.12222377597051846,0
-1.6928673076209788,-1.8475371192125107,-0.07472431202140828,-0.5086965946503814,-0.1628437991078673,1
-2.023838340863567,-1.7140425828509647,1.0331995839778412,-0.8988692745288014,-0.6900202812767026,1
-2.022187792065367,-1.0379078760310456,0.694401196324332,-1.5626677632986445,-0.7915449419879557,0
1.930132962793308,-0.6654246998710065,-1.9807098572593231,2.8146281181208974,1.6650213825651272,0
0.06677201503623428,-1.4441499947355079,-0.23460020448965535,1.3711173774836625,0.5420003011217702,0
-2.418916561969587,-3.433921077448878,2.125856083171333,0.3182516749051082,-0.6756163154298006,0
-0.9938810298983974,-0.9009633255143147,2.426014556945977,-0.11222064079055039,-0.9095405763881679,0
1.8333902225265974,2.0725049610326156,2.921895689499859,0.8929409315594674,-0.7172476912258424,0
0.7289389917668379,0.9615558895352916,1.1164715900317357,0.22294921969407078,-0.3132378465830605,1
-2.5615804490125424,-2.8964905928368827,0.3360368199342575,-0.6132381736745545,-0.3534553488195347,0
2.11124227898846,-0.7044858212403513,0.8772186343992922,3.493868894740383,0.8801200355023466,0
-0.04863594264260268,-1.3409970298005751,1.215703502056783,1.3359590351032513,0.014424590522379412,0
1.947367398216396,2.753260249216132,1.133154281175151,0.16197301100411376,-0.32554150236137913,0
0.49806366290525284,-0.19304108872186354,3.001252525327886,1.2494574991380176,-0.6416341784772491,0
-1.9682172662100172,-2.9011211984940495,0.9192702017073962,0.24044163687862496,-0.26838947193352347,0
-0.1669154902570203,1.6328651948214215,1.0856894504365553,-1.550625402224775,-0.9050431868285913,0
0.6173012327015335,0.5625683340494783,-0.4178073833724756,0.2231439025486992,0.22984385564478152,0
-1.6076407364166154,-0.11638776662487704,2.4559969821320937,-1.616417779097974,-1.4296824294568327,1
-1.6781230916646166,-2.1062126025130317,-0.3799732710031869,-0.29725658947031486,0.016244309226520516,1
-1.6404778019621868,-1.0015138936742956,1.020485112986909,-1.056488063429373,-0.7337610690240907,1
-1.5084946982751322,-0.5680989099383664,1.4588210657316174,-1.2190176515713542,-0.9420409438916874,1
2.1046687176425625,1.1700451936077103,0.8198965196141779,1.7656244784692414,0.32307777623574363,1
-1.2765670268811407,0.3465779159303356,-0.3190662507626816,-2.0097800209986234,-0.572805409518917,0
-1.7199106647011664,-0.8664253575505682,1.404298017331261,-1.227310332612758,-0.9278948254432763,1
1.7234320237106011,0.6545361499676586,1.220970903072682,1.8017868314130367,0.18849784468138625,1
-1.1346284867140914,0.05214225877958234,-0.09504192158281488,-1.525629348730586,-0.48892535030174555,0
-1.2629597996167683,-1.1990748157913185,0.5084294924456777,-0.46229627900389025,-0.34928899636841604,0
-2.0061132854227557,-2.001283738936034,0.5099305420275503,-0.6887645152585089,-0.433999602251251,0
-1.3342766382252584,-0.8290565558673101,0.5195216626206907,-0.8905948139213546,-0.4971112200602345,1
-1.6084847436294114,-0.26410808751893766,2.2012492849411553,-1.5191621502519514,-1.3068310667187284,1
-1.8547392823328424,-1.5387075015997056,0.8708850115150621,-0.8639897850331366,-0.618846095352162,1
-1.6742770163601801,-1.1679147498672076,0.9554864238778618,-0.9574991279854315,-0.6780239136219204,1
1.2854081801753507,1.3509615131638142,0.9522624988593934,0.562053577685766,-0.1353227666858705,1
1.384336940795288,0.3663102171675139,-0.720902509982349,1.348836675398966,0.7221982028807882,0
-1.0116665051809413,-1.312090770553361,0.8756586067311114,0.01788199660120615,-0.3162839344158181,0
2.0532684288146617,1.4457000803492395,1.053175005832336,1.4810511631696324,0.14467166469905016,1
1.4550413903489439,-1.3836335122139698,0.21338216293637002,3.171853628909985,1.0005246893582058,0
-1.410544554769401,-0.7336487036542565,0.6905646422306972,-1.0516132767801305,-0.6124519429540318,1
2.6051457360836094,2.0244443358002484,2.000032948140681,1.8006816327580162,-0.07813101669132812,0
-0.3730193821879105,0.2659726015477587,-0.8407901897039955,-0.8448484775860219,0.011783246491671501,0
-1.5964716769064857,-1.378691249839937,0.4384016490535556,-0.7387818376438336,-0.4206307219583558,1
1.6282074940526587,1.8379505975857753,1.1613430193250587,0.589819572313671,-0.19628673270843253,1
0.910901496095328,-2.155677708077161,0.7670955134539237,3.253885308777711,0.8252474901093004,0
-0.34577371811622654,1.227518378083925,1.442956990505453,-1.3601317787366296,-0.9702069393284873,1
0.1314820093196584,1.9632226674170081,1.7427197246619532,-1.3729170302890459,-1.0753438089449516,0
0.4274171480171045,-0.23301703892196124,1.7899432539513693,1.021075628038833,-0.289011808587998,0
-2.9146171959445932,-1.83505845217848,2.9502442584110433,-1.663140324813913,-1.6356271830438407,0
1.55449543226078,2.3049577752658417,2.0163280368875327,0.1908890714736442,-0.6337041632736881,0
-0.9718685233081505,1.1960961271447492,0.8250050625165982,-2.2281168014536226,-1.0481102809053149,0
-1.7597300099045672,-1.30351377885378,1.0717609165669324,-0.9273052327368888,-0.7101679595619474,1
0.009418886980748055,-1.1729146213111756,0.48040993437846535,1.1519771731575448,0.21448493392470944,0
0.5435822102345078,1.9274717233327658,1.2601308451668312,-0.8776072518079407,-0.7339589413974219,0
-0.8681534872540041,-0.4436969550996086,-0.9731790290327738,-0.8549071126448531,0.04970692934847991,0
-0.8175781120329669,-1.4294008414919617,-0.5390758699511979,0.1726149071272718,0.23951892723302537,0
-0.20640797901545857,0.004956834423835321,0.46217930478905034,-0.2046463001249661,-0.2346906545713901,0
-0.3043472159569532,-0.03883311338418938,2.3441691310610446,-0.021188446371075864,-0.8421835321739154,0
-0.7347603373416259,-1.9954274347404763,0.37995398398630675,0.9281028068318691,0.16679908173965713,0
1.6793599717405197,1.675774086059813,1.4252475713214952,0.8417582034333129,-0.20516444775574616,1
1.129283152750744,1.6325009086507336,1.3392564111648297,0.15898890363362395,-0.40904335011249265,1
0.37004786582101507,-1.9870570588651661,0.38299682139622937,2.34680122282436,0.6523004418874578,0
-2.0974375881619975,-1.5584244818052646,1.596419695901549,-1.0551798090367697,-0.94288574998013,1
-1.5555150280808208,-1.2205526842877719,0.46173942674835855,-0.8269634691118531,-0.4578961219771085,1
1.030288174341713,0.7370758034882033,0.4294102411304561,0.7183173600648243,0.09943375727315394,1
2.0888690616356596,1.1375446397825595,0.6785759684080488,1.7546419944561038,0.3693624752611834,1
-0.30972310037107403,1.557852366703885,2.2675169373496664,-1.4969722231712614,-1.3080226602861968,0
-1.5914929822982087,-1.1933968484461297,0.7715869328435079,-0.8537600699949652,-0.5771810550499844,1
0.19715480243906444,1.1701517782879782,1.0921117115769903,-0.6573419911123839,-0.6047511774930283,1
-1.6640973005309687,-0.6000234651798926,1.0650936219694567,-1.4471561015395737,-0.8803560112176401,1
1.9671303032196779,1.7519160157494005,1.379146905718593,1.1370325345934562,-0.08687394550251798,1
-1.598711193215393,0.33190426904039383,1.633353789324076,-2.132173867550998,-1.3100236544794628,0
-1.7311046771744603,-0.5580426531946527,2.1193056840426285,-1.4207936657712128,-1.2463091619688587,1
-1.6699628490700857,-0.961721026959457,1.3315479180716507,-1.0862686523956508,-0.8543993947862273,1
3.340837244168233,2.6444242560145446,1.2291558282581416,2.0735740137591607,0.29494384128826845,0
2.477093271054859,-0.7472833244659955,1.4492886427489737,4.08716084634748,0.8795553036376719,0
1.120059153687498,0.5513008897534607,1.178215849027417,1.1111802327625775,-0.03394903041610294,1
1.4284968107839544,0.6165142341308614,0.8999004382456375,1.4098070544255525,0.16807858062738337,1
-1.6778767671981076,-1.4056910083162764,0.8491473857390015,-0.7602926416060587,-0.5744657904928007,1
-1.3083423799715872,-1.515519192077916,0.219000558495004,-0.2734435609603605,-0.18404825873894984,0
1.9721844075358597,1.0349048307056572,0.6914992207296026,1.6996131144212687,0.3450568979490534,1
1.3451377846420756,0.8435782184073675,0.7106135890542666,1.0677562677749928,0.12001440777546778,1
0.301163996679065,0.963605558562099,0.7344618610176606,-0.3858043994268109,-0.3859740093342166,0
0.5713606224884044,0.289179213918471,0.6171073648162846,0.5618770737599357,-0.024677410091369614,1
-1.2055224647399678,-1.2538605793045074,0.3941473370759496,-0.3545316639515248,-0.2720896425253997,0
-0.8151598481435121,-1.9979016736625268,0.40524949226416684,0.8302228531709227,0.12420680733937974,0
-0.48368943420538746,-0.3293429295732615,0.05986676717659112,-0.3149752593139279,-0.13200347173308571,0
1.7081526231270596,2.8566722225761767,1.4708842214491717,-0.19275552327656498,-0.5665926713546927,0
-1.8626903742546903,-1.6012872257060318,1.035604675947286,-0.7934923661170366,-0.6538240384700799,1
-0.2997345210979575,-1.5381297960584486,1.8495650264557377,1.2827707547337828,-0.2310916087935215,0
0.07274064960008128,-0.04410973262779194,0.5490759721071788,0.21289411287282922,-0.1228392478049976,0
-1.8900634570024535,-0.8733146120634153,1.9249833567014485,-1.3659585070804119,-1.1608788943637907,1
-1.4397290343461377,-1.37481076211935,-0.07564744619388097,-0.6137424794865203,-0.1947006995319564,1
-0.6883691015653909,-1.1186355220347517,1.7811966414568625,0.3883618965398068,-0.5100655829886408,0
-1.7357937035270201,-1.4283164726809354,0.8487692558617431,-0.8144383401969665,-0.5930831369515918,1
0.8076679485155822,-1.4826815255752754,1.4117096622268888,2.5986076966410288,0.37649190558748724,0
-1.4065062136881574,-0.621452661197111,1.120075164972922,-1.0872495763155503,-0.7766818669935946,1
-2.06822940966141,-1.3410098216264696,1.7442314150123157,-1.1947967704640208,-1.0416255605062523,1
-1.5970073823987219,-0.7703115756647569,1.3215408905586608,-1.1683111325332818,-0.8774175047672418,1
2.38702368552152,0.4204690279809795,1.6720725311084914,2.936645156843152,0.4151692933357842,0
0.5571159411791049,0.43859024879304753,0.5072080894469361,0.39131298699190054,-0.04282841303434533,1
-1.4474727805456913,-0.512240905716042,1.1645852325977768,-1.233455468878061,-0.8417808981081801,1
-0.6754598899468607,0.6385964178015454,1.5390384147729745,-1.2341431480814171,-0.9659909945735446,0
1.804895057951879,1.235525858209395,0.600176401977035,1.2874307584722136,0.2378492470518554,1
-1.5539254114164505,-0.7930281608127718,1.1069327090715333,-1.1227416747201873,-0.7855670834433452,0
-0.17765803351300957,0.3069095157675803,0.8804348891228945,-0.38326017058682327,-0.44240438813999305,1
0.5260827513783903,2.0839970866548905,2.0825974979597204,-0.9251655621597196,-1.0418228299132393,0
-1.6069450612106464,-0.36148654209817144,1.9130484630709454,-1.4695918942892499,-1.1880133906840642,1
1.4969171050210515,1.0619178290906972,0.39913769733598814,1.0196271208112684,0.21617782685329653,1
0.8457245548904627,1.3737934420842932,1.3071873183830398,0.024632199703482294,-0.4458012821944263,1
-0.19313418755067294,0.5504202149833763,2.3188290501593554,-0.4193044357287421,-0.9649041698486778,0
1.0470047842378671,1.3451616099216661,0.6511155283724763,0.2164725136744916,-0.14666225745433636,1
-1.8062075543256164,-1.477599731054381,0.8691866612473957,-0.8573910030344877,-0.6154823682298314,1
1.7505646808418374,1.2544850658082214,1.203244668867815,1.2864799624433019,0.02296478550286117,1
0.73786117343441,1.716977922806505,1.5259142286051497,-0.39655898292223146,-0.6653288919303865,0
-1.552859774284194,-1.2900809537668396,0.3407222661326531,-0.7774077139744883,-0.39838024222389495,1
0.18288230955139514,1.4662577190837933,2.0428701512783842,-0.8097823167297171,-0.9931253408068735,0
-1.683751893200476,-1.77972236187641,0.14262078625433916,-0.5276826594917632,-0.2461862175920021,1
-0.866142298007027,0.34796775828628346,0.8339484604752828,-1.3159967992585047,-0.7453853485485097,0
-1.5800798705763393,-0.8627836184556144,1.1644249998872618,-1.0845628814149242,-0.79350986277136,1
-1.3956147490167132,-0.6653661076597768,0.9972182500668533,-1.0507153088203254,-0.7207684919446696,1
2.4787101483282825,2.2522533239800224,1.9715110287033473,1.4254083408226865,-0.19481984731273375,1
-0.1537207080191675,0.360779809715321,-0.3243908020473736,-0.5743253322004664,-0.07853137755394822,1
-1.4766270621490154,-0.863424677612455,-0.6572557583665748,-1.2116886161933011,-0.1885316727637404,0
-2.3818265518363164,-2.5314091370519898,1.9210140014164971,-0.4872916178447846,-0.8716047382634333,0
-0.05438703076973256,-2.6947497012320625,0.5237086670116671,2.465347394129984,0.6371099349927181,0
1.7712434856542727,0.7882701166762323,1.540520435602817,1.787211954436281,0.07081517937632523,0
2.618756380481113,1.2175575661912919,0.21516350092423575,2.2990237346204885,0.7216881096190547,1
0.12933167560352843,-0.07778377336694464,0.9702833269219723,0.3770801490310528,-0.21677184211576292,0
1.4461731302979772,1.1929448943680045,1.6640406356447426,1.0158893009275214,-0.23438765167321085,1
0.32997251671229966,-0.08468630423607437,0.8545594143565189,0.6257417581518534,-0.0903523620672187,1
0.6069137733678017,0.29687179621000315,0.7011612821147877,0.6127929388762592,-0.03708027343265813,0
-1.7723962408348795,-0.052459960033621744,1.2493777489897726,-2.0604568039030973,-1.1518419764001477,0
0.07961386603326784,1.151148033468759,0.7820017786076557,-0.8361632117450883,-0.5558195086370823,1
-1.887033109064643,-1.4690911152935988,1.05038399482853,-0.9434922341276287,-0.7094524033877316,1
-1.4426677689544531,-1.2745208030842314,0.048479571683544,-0.6913051048046042,-0.26467848703474245,1
-0.4152063992667476,0.39399454854609717,0.9875140118892021,-0.7540062342222504,-0.6069616821962194,0
1.260488748626331,1.5169988131773078,0.1555952042352433,0.2640484219367958,0.04746984822490949,0
0.5150043070514143,-0.3292841838369738,-0.1070466740340068,0.949985095184458,0.3612188218144612,1
2.24884971996001,2.1052907394433973,1.06190015236185,1.1324873437649021,0.027386747579457846,0
1.0999785975851124,1.1907104345087474,1.8762394178091943,0.6015480613486637,-0.4520463795188606,1
0.41009936344074865,-2.529670716082082,1.0772670830976034,2.9934855114077927,0.6224803475035879,0
1.19955519138032,2.214321927255507,0.616767488357906,-0.38515277876465115,-0.33369303872458145,0
0.8040973288251151,0.6217314557550015,1.1595822196726093,0.6364099976717569,-0.18955681811983913,0
1.34985225385743,0.2968590362271233,0.3766846195954454,1.5251370438196479,0.3913158657776829,0
0.45036658553807746,1.06959654222918,0.854221667099517,-0.27283962065565903,-0.3890127393549553,0
-2.202666711043395,-0.5351555059119608,-0.04834079243886924,-2.3611482142801536,-0.7968466577106172,0
1.0031958091555586,-0.4707699676330337,-0.877476706384108,1.5987654654588388,0.856856192538035,0
-0.6812404006635845,-0.22340025785145357,-0.0035756997677953706,-0.6757701993680472,-0.23228375777204263,1
0.15526146111901803,1.327280411402767,0.8753123063601422,-0.885966560750907,-0.6046903098392422,0
2.7875451044043826,2.081728778390997,1.2531053331318,1.8766789749231747,0.21432700722249468,1
-0.38007477142906004,0.3667208852995646,0.16986392813362627,-0.801013767959405,-0.33219290635509385,0
0.537917747264746,0.7559415428823781,0.7032466822397755,0.10488969852822838,-0.20827177262864155,1
-1.5303267743491589,-2.249963732319075,1.5883830896298385,0.3070108785724418,-0.4785005104743274,0
1.4492080538208822,1.8116682824050858,1.1990693670039767,0.38820360981328284,-0.2790724661588963,0
0.7403776550528468,1.2843762773478826,1.714841978813602,0.028768188368739622,-0.5902474838615765,0
-1.443302148656087,-0.8784239220429672,0.7740667433713532,-0.949730106835051,-0.6084178998522505,1
-1.3139001652519213,-1.0571390698228726,0.09055743609383127,-0.717559422836087,-0.2868981497199563,1
2.071770889599925,0.7299101015964529,0.7213542589859303,2.1108995996790867,0.47299450097033396,0
2.9565448056418324,1.7751847367737392,0.5163227567295268,2.269030589885938,0.608707113695775,0
2.369817260333123,1.6409472101414104,1.1378122216981403,1.7234670080178067,0.1992552849858667,1
-1.193256752848161,-1.5775434637147576,0.6120871106430168,-0.011909696348504362,-0.23481542252802437,0
0.37724043699691323,0.9293254021464514,1.3210707977377556,-0.17219762384548676,-0.5218520392650513,0
-1.3130605652507972,-1.1363362734060667,-0.10328596040858273,-0.6719621538794587,-0.20288970293146316,1
1.1198699675926242,0.030679117866991845,0.9605639150402678,1.5550781882833813,0.19154213546604384,0
0.31081300388260386,-1.2226647306400567,0.5083400168789158,1.5903966406615302,0.35448494459395374,0
0.2752767128939391,0.7148086790132163,0.3099618659232195,-0.25292522901668435,-0.1912893745613144,1
1.4977207239118484,0.6234473571494075,1.3364205367218926,1.555417040538234,0.06265350768655448,0
-0.20350333854768468,1.4172309873135587,1.5642200428531128,-1.3323404070886462,-1.0023098168540217,0
-1.4625034396288927,-0.5671278093063102,1.1453088401591562,-1.2055043451439182,-0.825778153659697,1
1.540804054070124,1.552465480699136,1.532774544018499,0.7909394087899381,-0.2618761265402085,1
0.8394048750705518,0.8053779230890835,1.6889621506195014,0.5902144191698617,-0.39238458356939626,1
-1.6053546844297202,-1.2428857484393372,0.6104246210274509,-0.8495754839305445,-0.5187686863588521,1
-2.0960271554102134,-0.4897908787747951,0.05608558757631732,-2.249960737842258,-0.7955278897836723,0
-0.9135903899459649,-0.9427350821817344,-0.8760376226572946,-0.4439727159482023,0.15199219523472982,1
-1.5496179268506673,-1.0425034322473077,0.9529878903596448,-0.9114747661830604,-0.6603329388223875,1
1.2705191160428346,-0.31076323280811713,1.1958362238568325,2.0950035077172915,0.2901627973993266,0
-0.9025372787714111,-3.0721882904984668,-0.2810003270102326,1.5999187575453666,0.6237657153256587,0
-1.5409484827019078,-1.046234757626251,0.8431975837941189,-0.9126228322432167,-0.6216679460492304,1
-1.0392494175903177,-0.928010376278517,2.199172920429375,-0.17860871122023103,-0.851763590178288,0
0.9655169979186335,0.7927062339879012,1.1049332542700032,0.6807987290557167,-0.15348954347181104,1
-0.9482979463146394,0.19318934975901736,0.3159391480497791,-1.35499246111397,-0.575586307393268,0
0.552886425737259,0.40963078212286297,0.8148758910185772,0.45641554451094724,-0.13027775107837633,1
-0.4956388060815303,0.5995543210730108,1.05612130590336,-1.03566311600504,-0.7263083360672771,0
3.4063445931690794,0.40982480212080374,-0.8609706153617749,3.8986945484098747,1.6468476529138294,0
-1.5588381276265322,-0.6579067261295897,1.280575616648721,-1.2275542347855812,-0.8822362481042132,1
0.9501981707851059,1.1991647515398025,1.355091633170151,0.325783784017714,-0.3610001521635164,1
1.4985741868190847,-0.9150435239525077,0.47696541813594495,2.8379906861719024,0.7959925097217878,0
0.14132785311090265,-0.6633661647791781,0.8312590539627334,0.9072925403180645,0.009797820292126756,0
0.8890384041572965,0.6091095243279199,0.9655320952141214,0.7297354243030917,-0.08856675191400556,1
-1.3760436538647443,-0.7914477016679724,0.5926236562639918,-0.9683566626181681,-0.5494996241921869,1
1.653740319242988,1.476808471189035,0.886176486083609,0.913054745125048,0.009597233927385273,1
-0.6047699168482946,0.20522357880065412,0.19723071836835993,-0.9396337692847492,-0.39078477006726964,0
0.043254641814654875,0.8125704340332089,0.8603823513012189,-0.5627116278586901,-0.49269922851509057,0
1.1201205274455623,1.0382624684454163,1.780306572838072,0.7529796755591256,-0.3671980951638478,0
-1.4264456838027089,-0.7220959969286602,0.9132566169863112,-1.0507497741373497,-0.6913477640892254,1
-2.3110138163234906,-2.4980362739154027,3.0755399402854495,-0.2608090577210913,-1.2047152996963872,0
2.4144298833421685,1.3601927182425195,0.9332332339086985,2.008051652891409,0.36740590421816766,1
-0.8014212628359164,0.029186821836168275,0.3214671215949184,-1.014893002080017,-0.4622550566762266,0
-1.106749899944766,-1.2191162457243725,-0.21143710530058923,-0.34561703801601606,-0.053142276604409275,0
-0.1618111147761254,0.5907448733295808,0.35963172289234235,-0.696647126892325,-0.36214708518930155,0
0.07910739184486502,0.5875362283834098,1.1591995998721891,-0.2681206414535815,-0.49989050892125275,1
-2.3977189725291974,-0.2567521917860518,0.18434156070441632,-2.8337187963650923,-1.0394884466655683,0
1.9162627289142797,0.9465739428711752,1.948800688173899,1.8883874574049653,-0.038564607264938086,1
-1.4838570085230784,-0.5441533437266747,1.565705535451516,-1.193755527451382,-0.9712377689295468,1
-2.034864785689028,-1.7338142629628637,1.0218793759587226,-0.8966711949001367,-0.6853966436576048,1
-0.3626978969003844,2.155867039042249,2.6799900782802735,-2.052211513374486,-1.6404307834178584,0
-1.6553154985336724,-1.4692764908790887,0.45017964019707446,-0.7303299417992478,-0.42266110419940806,1
1.815329790099984,1.232790439498976,1.4009865768240133,1.4182327798982772,-0.00243181016184368,1
-1.5070205446961258,-0.10156395382900696,0.8129665284129781,-1.7357009491332993,-0.8854946589212805,0
-0.16801311486462905,-1.3683719776860825,-0.504043398813897,0.9602678211260387,0.49765289436743404,0
1.909809441216381,1.443741854446242,0.6790269946896553,1.2440326508509258,0.19658370640852693,1
0.6786043348104007,0.8177016592324349,0.7992087495023068,0.24383579106411257,-0.19428700417248249,1
0.5540131128516763,1.7794966451339778,0.3861703519663635,-0.8543629777673735,-0.4160301723581164,0
0.0046913442064482076,0.3011658734215684,-0.5883967605419649,-0.353301353309347,0.0907756568425181,0
0.3880017034235381,2.240699368180536,2.0269805360395434,-1.2544303861724033,-1.133664466558803,0
-1.4163755420308326,-1.353870451207875,-0.07175347318641867,-0.6021627825659792,-0.1919460256573871,1
-0.9715768118138092,1.1272361767448897,0.725505893077169,-2.1791360241354543,-0.9964472727801595,0
-1.7497327174740587,-2.1897138740443243,-0.316348729484899,-0.3043138612841386,-0.009506239182860638,1
-0.15980279002763184,0.6134430957631787,1.2786028157658,-0.582998309691156,-0.6501732394961416,0
1.841672842844819,1.1667691868373644,0.964146463909105,1.4498694270028831,0.16341097064834173,1
0.07591622494589022,0.21636427930436675,-0.1297428738981321,-0.1181764679010987,0.007422940496441108,0
1.8387318331958855,1.1735260295050685,0.518686725723522,1.3760249313452273,0.296740665648573,1
-1.5552405610756597,-1.2112478769682937,0.5805667234427697,-0.8180650273457793,-0.4970754829466506,1
-0.5696686489641036,-2.1653139609685996,-0.36717760633977603,1.1891514161976717,0.5209453138941784,0
-1.2974025013052772,-0.8771949659269557,0.3109911845025273,-0.8289544640169096,-0.40211984006527157,1
-1.0674189852512064,0.6120467918419,1.8129015755586708,-1.6765060595865973,-1.2154112221851794,0
2.2097257341003393,-0.8618175238275175,0.0022685869572589556,3.639158076683149,1.2401782293021881,0
1.4074436467327593,-1.2354006456130464,0.9713748920052011,3.0837752403151697,0.7016527111500629,0
-1.5522166249714873,-1.7103881116554278,-0.14549218715011514,-0.4625399065917327,-0.12070599583164075,1
0.5290890994595384,0.29809613675722146,1.2210265819958213,0.5857809963052858,-0.23142289767406948,0
-1.465921160408117,-0.41646362599484,1.513682319320854,-1.294654149055273,-0.9862804225611064,1
-1.9441451931877975,-2.0281745690335287,0.52632782151444,-0.5818822424092429,-0.4034025748679132,1
2.1349228102023834,1.0479033203203056,1.1417020761838215,1.9623403559292656,0.27497278027852157,1
2.321690854977561,1.7252967392936096,0.990078918998618,1.5631529271037907,0.19756127891570108,1
-1.2709406642732552,-0.5177319333079187,0.9885554917614341,-1.0258461262726035,-0.7079572069016922,1
0.8718594851898095,0.6422247683093325,0.7240659712863252,0.6427013397953004,-0.03217468671571514,1
-1.387818355388192,-1.203775970852077,0.14743024470662003,-0.670918437027324,-0.29234260865465067,1
3.3279416955083794,2.0307815519203416,1.5173719395140504,2.6585474411318932,0.38795321916602177,1
-1.4779496244909767,-0.5764320401331009,1.203030668165177,-1.2086671420825823,-0.8474892047377088,1
-1.7484118247027716,-1.3926052343164614,0.7566668224156188,-0.8765374610368518,-0.5812974382201562,1
-1.393318279662307,-0.12236854283705534,-0.13714380294962658,-1.7062039573278893,-0.537277282334567,0
-1.4948636670634692,-1.627325818534218,-0.28829437744934894,-0.4848361439271127,-0.07683538973137867,1
0.46391149097721335,-1.8039916897429205,0.15268740708241724,2.2677705249674425,0.7086823890815059,0
-2.080300863385534,-0.30255576815662644,-0.17080626594055914,-2.4331553485218573,-0.7760499687247222,0
-1.662596022704697,-0.9179117467274761,1.3817263319079829,-1.1095651858123468,-0.8798980160082704,1
-1.5868427582398617,-0.8510971602905212,1.2939777417678955,-1.0853836250968072,-0.8398215195323568,1
1.8572165098820639,1.6560604738496294,0.9450304823197921,1.0204420385789565,0.026925094693700122,1
-0.22587005302128949,-0.6839530731339527,-0.3991451002313402,0.27572954061901034,0.23111240323681523,0
2.1889324082842196,0.9817694488969491,0.1485965017272034,1.9500182079082087,0.6237887572271635,0
0.9925262837801779,0.18186151311448628,1.7428309799735477,1.3648647599805441,-0.1509737151581021,0
-1.4908735675181028,-0.5189128889993384,1.4596859510077778,-1.2410604598520547,-0.9495087160231692,1
1.3898259955506265,1.0351634403761314,0.7956765310265828,0.9627037102375979,0.05525877199085726,1
1.6068690568911626,0.765677769805696,0.9490630074683478,1.5108768170122586,0.1864461448828324,0
2.9471156095818283,1.3827428141099225,1.9594173057742346,2.8221212405475202,0.2814036980646018,0
-1.9601872095210635,-0.39703550435988255,0.72967142056302,-2.062738260023842,-0.9703892120986818,0
-1.308562631910493,-0.7448540523808678,0.6808052665571921,-0.9111602535963056,-0.5609024525899436,1
-0.9399719947265032,0.4201908287245856,0.5103915043218754,-1.523625692735558,-0.7008045003154936,0
-1.5756682053881446,-0.31468251821281734,1.8255293238920247,-1.4845096185958568,-1.1615894363962496,1
-1.8759479920454916,-0.5804193235417106,2.3559332601279874,-1.5533699271526848,-1.3762027221262083,1
0.3764639473237089,1.6946147837939027,-0.34164260102203636,-1.1103819888546473,-0.2453907870781863,0
2.2659722328197205,0.5852553789128576,-0.13423371683990082,2.3709275083147965,0.8656096312029334,0
-0.04916240811896261,-1.9813468618394299,-0.31759512142899293,1.7000742709018504,0.6799975845459402,0
0.13790879706933507,1.356040612522739,0.8568577009323464,-0.9372684316860015,-0.6154793982961414,0
2.335743501945254,1.8167200790291234,0.4257743702281219,1.4168938438141487,0.3490578071641146,1
-0.5929675326846666,-0.8881422273238386,0.3851939354060018,0.10085043111217318,-0.10976772824327291,0
0.5715947464604765,0.8779593105552672,-0.3070681767335204,-0.1079340809367284,0.07944048129759074,0
-1.5939291649712446,-0.561682794698606,1.5235656806387088,-1.3258561915779277,-1.001678414550359,1
-0.25400639110470263,0.37603988308086145,0.9023744526287141,-0.5417713844521995,-0.5040128713849911,0
2.5132848497990503,2.2246970168164024,1.4892469531778398,1.42603478876071,-0.0231267177612748,0
-0.3268548544425178,0.6754277611193636,0.3776890705268937,-0.9843886863127397,-0.4665642923924521,0
3.5001980036383173,2.293377076114222,1.364365205323563,2.619163406769419,0.4310546403781275,1
-1.7273539885314555,-1.3684726285262925,0.8836668806608449,-0.853181803014539,-0.6183083500416154,1
0.5249810014750346,1.6347497406196179,1.8767195174720046,-0.5459254067014281,-0.8421173163493344,0
-1.5803136612589777,0.35914180813016805,0.13323510339234057,-2.3484171725924905,-0.849867144237536,0
-1.6276468029031625,-1.1795314144403548,0.859466281398998,-0.900479315426427,-0.6243779632689664,1
-1.322091689171601,-1.2809810468253677,3.266855908614433,-0.06826830031736209,-1.1969206825101948,0
-2.3219377121876796,-3.3204465332724507,0.33955066351920393,0.0836500434598858,-0.1191633300458678,0
-1.3385104369623835,-1.0080176145175643,0.265464964518618,-0.7690907287642862,-0.36644394949484044,1
-1.0887231295367201,0.8609078795905337,2.0208605661870163,-1.9014029910181378,-1.36455536010374,0
-0.09155311544244825,-0.6204349070971119,0.08290671532381888,0.4602152217146578,0.12326764428130564,0
1.8217592916654917,1.598756106731267,0.02313733331886514,0.8948010033764683,0.31159812272551995,1
-0.7483559157510822,0.23655711646260325,1.479889055164817,-0.9696254927412185,-0.8574844564414291,0
-1.8688502056090752,-0.9716291842553892,1.79897145338025,-1.266884063663205,-1.082836901364863,1
-1.9786299389287032,-0.8840574840703339,2.233519225414198,-1.426212406472735,-1.2914781061270773,1
1.4156833745004664,1.6779613370632362,1.725229616650681,0.5424685060133079,-0.414586204705796,1
0.11545774240659556,-0.020823692698006213,1.5616686991569544,0.3919718426345389,-0.42175538807512336,0
0.8495877558173224,0.8777733678669393,1.1579352829437741,0.46110634944602813,-0.24700887257110252,1
0.874006902384329,0.685345485728329,2.455046525260668,0.8543259200482163,-0.5755383667288979,0
-1.7467280156722806,0.5483276066113366,0.8005852064446752,-2.6402348079081124,-1.1860035055245968,0
-1.7544447175160636,-0.8960166970845906,1.5785091964221336,-1.2198807726559222,-0.9876122068312243,1
-1.453370331368422,-0.07089356026403171,1.9637233715808526,-1.5294419514411095,-1.224220540094831,1
0.8020860255023617,2.3257634043080473,1.3675113192597963,-0.8922347566305823,-0.7739725138295391,0
-1.233409814134368,0.09304575176285534,1.7203839449778398,-1.4301330027592019,-1.102196427830503,1
-1.1910449718673966,0.05134714669312268,0.7581049571381395,-1.4753743376229662,-0.7754463875839387,0
-0.6034968275905765,-1.5309149394255597,0.9056582037744156,0.7487796068405359,-0.07809338397854187,0
0.10638013179772386,0.3461475682983941,1.9683808715152473,0.10351584419059745,-0.6624997611529109,1
-1.3578349899108018,-0.9795628740399932,0.29851654718448295,-0.8152726476583234,-0.3938176372182293,1
2.7436592909087962,1.714309195481868,1.2593329146121388,2.156403830967781,0.30505328837474405,1
1.150773103984747,0.14888509577072284,0.49050787325457945,1.4196283938789984,0.3134073585542348,1
-1.9555130575894777,-2.0506630806792647,1.3438001250101523,-0.45879449968426367,-0.6524217472426014,0
1.078913206439436,-0.018293841010669443,0.9743369003846343,1.5489077541493619,0.18412485231250414,1
1.3011466965424334,0.6143752696659999,1.1120505804003964,1.2778200138737108,0.047266169685781366,1
-0.4587452109685645,0.8211759978182556,0.9296822406608458,-1.2085300700411765,-0.7387740820407571,1
1.1532362956535949,1.747051700758854,1.5803072566381067,0.11988003575703676,-0.5073471064405819,1
-1.6485141739338207,-1.3277645864518794,0.8449757468880665,-0.7941451641010449,-0.5839569793396934,1
0.8142568858963194,0.6993830956800394,1.2887786758923607,0.5971493690142877,-0.24838832024373417,1
0.2791881881837779,1.4018076301362141,0.019659565272177937,-0.9167708933635316,-0.3100082254003693,0
1.0816100057149358,0.86441576860478,0.8154089681922024,0.7236400162923283,-0.03513544391060905,1
-0.7641395275156746,-2.094589149440305,0.4042091324514743,0.9842027862467514,0.17659682730122547,0
-1.720637027389014,-0.9570536008666506,1.3837754566462197,-1.1484426530952832,-0.8942776786169871,1
2.08264717691599,0.986110301602139,0.954112584552003,1.9243911492704262,0.3282451911295145,1
2.3564212348242926,-0.17519108705414854,0.5070981789562841,3.2739574033376377,0.9407778483790009,0
-1.6495458824194293,0.4271946388628738,1.2654232422180656,-2.337549402745109,-1.24868430568693,0
-2.3863494530810323,-0.55463472553109,2.3566824136736644,-2.2355473446139897,-1.6102004104071883,0
-1.4680892482021728,-0.5481668135592876,1.2741539300891902,-1.2115494024145024,-0.8735703848840711,1
-1.3758286425486888,-0.8867479009174332,1.580075274910154,-0.7394637374215545,-0.8233442682838307,0
-1.5119100395804301,-1.035365117801393,0.7937152957480883,-0.8921651227230472,-0.596946760561482,1
-1.448710828391681,-1.2945941595651542,0.24565054503286465,-0.6525019933527145,-0.32173405497508006,1
-0.5015735721155792,0.8240082501107112,1.2493673775084897,-1.2205486777898846,-0.8566911751007246,1
0.1175196337246586,0.14891321900147791,0.8473458833889067,0.13722009286448844,-0.2534171387049163,0
2.1840317870867363,1.2904194401643452,1.399345235106067,1.8412391288784187,0.14368275869351713,1
1.1395779040777843,1.8973463841424771,1.014472860299048,-0.11611575066356494,-0.3856014989374855,0
2.2993661630035356,1.3055005052522288,1.4682858323153216,1.9862101527912783,0.1689752270605559,1
2.5297693210029246,1.45998301966223,1.462898928123002,2.141753911059812,0.22548826306632438,1
-1.3724995069360693,-0.5219744209503141,2.7598824110660836,-0.8990378432737158,-1.295156271189334,0
1.2918372502998756,-0.8573662790461108,0.8146608036785223,2.5669323344789934,0.5832754925164869,0
0.9741370490688259,1.0662349645542042,1.7112371966457864,0.5291233179074186,-0.41914745447521645,0
0.6347528655669372,0.7708752745854328,2.0364844447980257,0.40742097656242504,-0.5790798620375408,0
-1.5440637979363692,-0.6627404916916027,1.2282523271302765,-1.2115757061928196,-0.8581671190803426,1
-1.6033064503580705,-1.1981626673678505,0.626003852224234,-0.8855322856758006,-0.5362830386788799,1
-1.0037814506519804,-3.347143541885084,1.5040764885311653,1.976279168204657,0.11505270140857896,0
1.9059170162016,1.715206768053237,0.7700066612743915,1.004194524683926,0.08414779993022144,1
-1.5134857109255364,-2.8673249840699295,0.7849393236245216,0.7772134888860668,-0.03621271197939272,0
-0.48149648894044783,-1.1546932234298564,0.7369326393332801,0.5385329603853264,-0.08706723819156319,0
-2.4348245450835595,-0.7695551174546504,0.41682735758290723,-2.3800552156215287,-0.9708488386118176,0
-1.7505810087647857,-1.0384544247825582,1.4610949285923684,-1.1016787129926755,-0.906430020546954,1
0.9357731611068141,1.2664570137214834,1.3540516850835687,0.24557603437445208,-0.3875893442004731,1
-2.154673976884321,-0.6391627248904701,-0.427880212308406,-2.2586696601924037,-0.6274192894221586,0
1.2932427239739435,0.5014948058446993,0.8679777252856894,1.3356840576963773,0.15309116859512623,1
1.1423253426375382,1.7200807587000568,1.0016626516203289,0.04744554945668078,-0.32638947032661914,0
2.197860497383993,1.0059135487979656,0.677102981668026,2.015284728275306,0.45820088473174225,1
1.2246174290987786,0.5040409244830106,1.2043869912833005,1.2930305244074034,0.018711717953260234,1
-2.5207728691225157,-2.4888373122150256,1.5766488839976276,-0.7548731768085803,-0.8404159016590429,0
0.17560756276181047,-0.5062075932423867,1.710916698476461,0.9341853578436334,-0.2928911628679817,0
1.6445788652190063,2.1615429729571893,1.0977280673934595,0.3063706187861903,-0.26821414290065404,0
-2.7072339599644075,-2.5309572488541487,0.62154842266485,-1.0940312695884251,-0.6170184688527727,0
2.356500458012729,1.6234002371836267,1.1570676198249534,1.7250623762220891,0.1928043646255991,1
-1.3525957821215988,-0.6797863871523189,1.4205440352431653,-0.9213217124051782,-0.8272304318342122,0
0.8230358209842935,1.5313905199117246,0.986137406476295,-0.19458356719360226,-0.40539339144753633,1
1.0135561681581928,-0.8392687720946956,1.1578132162345962,2.240457389515937,0.34929013951104626,0
